created_at_utc,transfer_id,method,seed,source_size,target_size,source_train_size,source_val_size,target_test_size,source_train_auc,source_val_auc,target_test_auc,target_pr_auc,target_balanced_acc,target_macro_f1,target_licensed_consistency,target_illegal_consistency,target_illegal_recall_at_youden,target_mean_pred_illegal,target_label_class_count,target_has_complete_binary_labels,configured_primary_metric,effective_primary_metric,primary_metric_direction,primary_metric_value,threshold,domain_acc_final,pseudo_label_quality,best_epoch,best_source_val_score,selection_policy,best_state_min_epoch,trained_epochs,force_full_epochs,purpose,runtime_s,experiment,config_id,feature_mode,edge_mode,encoder_checkpoint,is_posthoc
2026-04-30T13:08:01.343542+00:00,T1_Nordic,source_only,42,100,77,80,20,31,1.0,1.0,,,0.3225806451612903,0.24390243902439024,,0.3225806451612903,0.3225806451612903,0.31334025309956254,1,False,illegal_recall_at_youden,illegal_recall_at_youden,higher_is_better,0.3225806451612903,0.29037538170814514,,,200,1.0,best_source_val,1,200,False,E5_structure_vs_lexical,19.43097734451294,E5_structure_vs_lexical,C1_full,full,full,<workspace_root>\output\week5\checkpoints\heco_encoder__tau0.7__seed42.pt,True
2026-04-30T13:08:20.350163+00:00,T1_Nordic,source_only,42,100,77,80,20,31,1.0,1.0,,,0.22580645161290322,0.18421052631578946,,0.22580645161290322,0.22580645161290322,0.3021046014081321,1,False,illegal_recall_at_youden,illegal_recall_at_youden,higher_is_better,0.22580645161290322,0.9482346177101135,,,200,1.0,best_source_val,1,200,False,E5_structure_vs_lexical,18.549595832824707,E5_structure_vs_lexical,C2_no_cctld,no_cctld,full,<workspace_root>\output\week5\checkpoints\heco_encoder__tau0.7__seed42.pt,True
2026-04-30T13:08:36.556457+00:00,T1_Nordic,source_only,42,100,77,80,20,31,1.0,0.9890109890109889,,,0.06451612903225806,0.06060606060606061,,0.06451612903225806,0.06451612903225806,0.02102376798466531,1,False,illegal_recall_at_youden,illegal_recall_at_youden,higher_is_better,0.06451612903225806,0.12205763161182404,,,147,0.9890109890109889,best_source_val,1,172,False,E5_structure_vs_lexical,15.812876224517822,E5_structure_vs_lexical,C3_no_website_lexical,zero_website_lexical,full,<workspace_root>\output\week5\checkpoints\heco_encoder__tau0.7__seed42.pt,True
2026-04-30T13:08:51.957624+00:00,T1_Nordic,source_only,42,100,77,80,20,31,1.0,0.9890109890109889,,,0.06451612903225806,0.06060606060606061,,0.06451612903225806,0.06451612903225806,0.02102376798466531,1,False,illegal_recall_at_youden,illegal_recall_at_youden,higher_is_better,0.06451612903225806,0.12205763161182404,,,147,0.9890109890109889,best_source_val,1,172,False,E5_structure_vs_lexical,14.973240613937378,E5_structure_vs_lexical,C4_graph_only,zero_website_all,full,<workspace_root>\output\week5\checkpoints\heco_encoder__tau0.7__seed42.pt,True
2026-04-30T13:08:57.385510+00:00,T1_Nordic,source_only,42,100,77,80,20,31,0.9856743535988819,1.0,,,0.3870967741935484,0.27906976744186046,,0.3870967741935484,0.3870967741935484,0.439083838534932,1,False,illegal_recall_at_youden,illegal_recall_at_youden,higher_is_better,0.3870967741935484,0.21477562189102173,,,53,1.0,best_source_val,1,78,False,E5_structure_vs_lexical,4.9915807247161865,E5_structure_vs_lexical,C5_lex_only,website_lexical_only,empty_all,<workspace_root>\output\week5\checkpoints\heco_encoder__tau0.7__seed42.pt,True
2026-04-30T13:09:02.389121+00:00,T1_Nordic,source_only,42,100,77,80,20,31,0.9856743535988819,1.0,,,0.3870967741935484,0.27906976744186046,,0.3870967741935484,0.3870967741935484,0.439083838534932,1,False,illegal_recall_at_youden,illegal_recall_at_youden,higher_is_better,0.3870967741935484,0.21477562189102173,,,53,1.0,best_source_val,1,78,False,E5_structure_vs_lexical,4.7224133014678955,E5_structure_vs_lexical,C6_no_edges,full,empty_all,<workspace_root>\output\week5\checkpoints\heco_encoder__tau0.7__seed42.pt,True
2026-04-30T13:09:14.735036+00:00,T1_Nordic,source_only,42,100,77,80,20,31,1.0,1.0,,,0.3548387096774194,0.2619047619047619,,0.3548387096774194,0.3548387096774194,0.3065136980836659,1,False,illegal_recall_at_youden,illegal_recall_at_youden,higher_is_better,0.3548387096774194,0.04260864108800888,,,97,1.0,best_source_val,1,122,False,E5_structure_vs_lexical,11.777479648590088,E5_structure_vs_lexical,C7_no_cert_edge,full,remove_uses_cert,<workspace_root>\output\week5\checkpoints\heco_encoder__tau0.7__seed42.pt,True
2026-04-30T13:09:33.986908+00:00,T1_Nordic,source_only,42,100,77,80,20,31,1.0,1.0,,,0.3225806451612903,0.24390243902439024,,0.3225806451612903,0.3225806451612903,0.3499395965798286,1,False,illegal_recall_at_youden,illegal_recall_at_youden,higher_is_better,0.3225806451612903,0.9270204305648804,,,200,1.0,best_source_val,1,200,False,E5_structure_vs_lexical,18.808757066726685,E5_structure_vs_lexical,C8_no_registrar_edge,full,remove_registered_via,<workspace_root>\output\week5\checkpoints\heco_encoder__tau0.7__seed42.pt,True
2026-04-30T13:09:53.753701+00:00,T1_Nordic,source_only,42,100,77,80,20,31,1.0,1.0,,,0.3225806451612903,0.24390243902439024,,0.3225806451612903,0.3225806451612903,0.3129458996572333,1,False,illegal_recall_at_youden,illegal_recall_at_youden,higher_is_better,0.3225806451612903,0.29037538170814514,,,200,1.0,best_source_val,1,200,False,E5_structure_vs_lexical,19.104355096817017,E5_structure_vs_lexical,C9_infra_edges_only,full,infra_only,<workspace_root>\output\week5\checkpoints\heco_encoder__tau0.7__seed42.pt,True
2026-04-30T13:10:12.721326+00:00,T1_Nordic,source_only,43,100,77,80,20,31,1.0,1.0,,,0.25806451612903225,0.20512820512820512,,0.25806451612903225,0.25806451612903225,0.329555466958324,1,False,illegal_recall_at_youden,illegal_recall_at_youden,higher_is_better,0.25806451612903225,0.9992050528526306,,,200,1.0,best_source_val,1,200,False,E5_structure_vs_lexical,18.556376934051514,E5_structure_vs_lexical,C1_full,full,full,<workspace_root>\output\week6\checkpoints\heco_encoder__tau0.7__seed43.pt,True
2026-04-30T13:10:31.543862+00:00,T1_Nordic,source_only,43,100,77,80,20,31,1.0,1.0,,,0.3225806451612903,0.24390243902439024,,0.3225806451612903,0.3225806451612903,0.4057598331489963,1,False,illegal_recall_at_youden,illegal_recall_at_youden,higher_is_better,0.3225806451612903,0.9989253878593445,,,200,1.0,best_source_val,1,200,False,E5_structure_vs_lexical,18.225234985351562,E5_structure_vs_lexical,C2_no_cctld,no_cctld,full,<workspace_root>\output\week6\checkpoints\heco_encoder__tau0.7__seed43.pt,True
2026-04-30T13:10:36.355766+00:00,T1_Nordic,source_only,43,100,77,80,20,31,0.904262753319357,0.945054945054945,,,0.0,0.0,,0.0,0.0,0.3467316714025313,1,False,illegal_recall_at_youden,illegal_recall_at_youden,higher_is_better,0.0,0.36576735973358154,,,6,0.945054945054945,best_source_val,1,50,False,E5_structure_vs_lexical,4.397257089614868,E5_structure_vs_lexical,C3_no_website_lexical,zero_website_lexical,full,<workspace_root>\output\week6\checkpoints\heco_encoder__tau0.7__seed43.pt,True
2026-04-30T13:10:41.327490+00:00,T1_Nordic,source_only,43,100,77,80,20,31,0.904262753319357,0.945054945054945,,,0.0,0.0,,0.0,0.0,0.3467316714025313,1,False,illegal_recall_at_youden,illegal_recall_at_youden,higher_is_better,0.0,0.36576735973358154,,,6,0.945054945054945,best_source_val,1,50,False,E5_structure_vs_lexical,4.554970979690552,E5_structure_vs_lexical,C4_graph_only,zero_website_all,full,<workspace_root>\output\week6\checkpoints\heco_encoder__tau0.7__seed43.pt,True
2026-04-30T13:10:59.139962+00:00,T1_Nordic,source_only,43,100,77,80,20,31,0.989517819706499,1.0,,,0.25806451612903225,0.20512820512820512,,0.25806451612903225,0.25806451612903225,0.6210466686996722,1,False,illegal_recall_at_youden,illegal_recall_at_youden,higher_is_better,0.25806451612903225,0.9999916553497314,,,200,1.0,best_source_val,1,200,False,E5_structure_vs_lexical,17.2260901927948,E5_structure_vs_lexical,C5_lex_only,website_lexical_only,empty_all,<workspace_root>\output\week6\checkpoints\heco_encoder__tau0.7__seed43.pt,True
2026-04-30T13:11:17.069145+00:00,T1_Nordic,source_only,43,100,77,80,20,31,0.989517819706499,1.0,,,0.25806451612903225,0.20512820512820512,,0.25806451612903225,0.25806451612903225,0.6210466686996722,1,False,illegal_recall_at_youden,illegal_recall_at_youden,higher_is_better,0.25806451612903225,0.9999916553497314,,,200,1.0,best_source_val,1,200,False,E5_structure_vs_lexical,17.41448140144348,E5_structure_vs_lexical,C6_no_edges,full,empty_all,<workspace_root>\output\week6\checkpoints\heco_encoder__tau0.7__seed43.pt,True
2026-04-30T13:11:37.860079+00:00,T1_Nordic,source_only,43,100,77,80,20,31,1.0,1.0,,,0.03225806451612903,0.03125,,0.03225806451612903,0.03225806451612903,0.3698916017995474,1,False,illegal_recall_at_youden,illegal_recall_at_youden,higher_is_better,0.03225806451612903,0.999972939491272,,,200,1.0,best_source_val,1,200,False,E5_structure_vs_lexical,20.005603551864624,E5_structure_vs_lexical,C7_no_cert_edge,full,remove_uses_cert,<workspace_root>\output\week6\checkpoints\heco_encoder__tau0.7__seed43.pt,True
2026-04-30T13:11:57.415466+00:00,T1_Nordic,source_only,43,100,77,80,20,31,1.0,1.0,,,0.3225806451612903,0.24390243902439024,,0.3225806451612903,0.3225806451612903,0.5125383730026941,1,False,illegal_recall_at_youden,illegal_recall_at_youden,higher_is_better,0.3225806451612903,0.9995248317718506,,,200,1.0,best_source_val,1,200,False,E5_structure_vs_lexical,18.848204135894775,E5_structure_vs_lexical,C8_no_registrar_edge,full,remove_registered_via,<workspace_root>\output\week6\checkpoints\heco_encoder__tau0.7__seed43.pt,True
2026-04-30T13:12:17.211642+00:00,T1_Nordic,source_only,43,100,77,80,20,31,1.0,1.0,,,0.25806451612903225,0.20512820512820512,,0.25806451612903225,0.25806451612903225,0.32916321005674165,1,False,illegal_recall_at_youden,illegal_recall_at_youden,higher_is_better,0.25806451612903225,0.9992050528526306,,,200,1.0,best_source_val,1,200,False,E5_structure_vs_lexical,19.185152769088745,E5_structure_vs_lexical,C9_infra_edges_only,full,infra_only,<workspace_root>\output\week6\checkpoints\heco_encoder__tau0.7__seed43.pt,True
2026-04-30T13:12:36.782958+00:00,T1_Nordic,source_only,44,100,77,80,20,31,1.0,1.0,,,0.06451612903225806,0.06060606060606061,,0.06451612903225806,0.06451612903225806,0.10313587505191764,1,False,illegal_recall_at_youden,illegal_recall_at_youden,higher_is_better,0.06451612903225806,0.9999018907546997,,,200,1.0,best_source_val,1,200,False,E5_structure_vs_lexical,18.969552755355835,E5_structure_vs_lexical,C1_full,full,full,<workspace_root>\output\week6\checkpoints\heco_encoder__tau0.7__seed44.pt,True
2026-04-30T13:12:57.461916+00:00,T1_Nordic,source_only,44,100,77,80,20,31,1.0,1.0,,,0.12903225806451613,0.11428571428571428,,0.12903225806451613,0.12903225806451613,0.10666112342322495,1,False,illegal_recall_at_youden,illegal_recall_at_youden,higher_is_better,0.12903225806451613,0.09673693776130676,,,200,1.0,best_source_val,1,200,False,E5_structure_vs_lexical,20.252454042434692,E5_structure_vs_lexical,C2_no_cctld,no_cctld,full,<workspace_root>\output\week6\checkpoints\heco_encoder__tau0.7__seed44.pt,True
2026-04-30T13:13:02.332972+00:00,T1_Nordic,source_only,44,100,77,80,20,31,0.9406009783368273,1.0,,,0.06451612903225806,0.06060606060606061,,0.06451612903225806,0.06451612903225806,0.3006521670087691,1,False,illegal_recall_at_youden,illegal_recall_at_youden,higher_is_better,0.06451612903225806,0.3269087076187134,,,7,1.0,best_source_val,1,50,False,E5_structure_vs_lexical,4.410745859146118,E5_structure_vs_lexical,C3_no_website_lexical,zero_website_lexical,full,<workspace_root>\output\week6\checkpoints\heco_encoder__tau0.7__seed44.pt,True
2026-04-30T13:13:06.869048+00:00,T1_Nordic,source_only,44,100,77,80,20,31,0.9406009783368273,1.0,,,0.06451612903225806,0.06060606060606061,,0.06451612903225806,0.06451612903225806,0.3006521670087691,1,False,illegal_recall_at_youden,illegal_recall_at_youden,higher_is_better,0.06451612903225806,0.3269087076187134,,,7,1.0,best_source_val,1,50,False,E5_structure_vs_lexical,4.157901048660278,E5_structure_vs_lexical,C4_graph_only,zero_website_all,full,<workspace_root>\output\week6\checkpoints\heco_encoder__tau0.7__seed44.pt,True
2026-04-30T13:13:24.816126+00:00,T1_Nordic,source_only,44,100,77,80,20,31,0.9888190076869323,1.0,,,0.22580645161290322,0.18421052631578946,,0.22580645161290322,0.22580645161290322,0.5795990294746814,1,False,illegal_recall_at_youden,illegal_recall_at_youden,higher_is_better,0.22580645161290322,0.9999717473983765,,,200,1.0,best_source_val,1,200,False,E5_structure_vs_lexical,17.537171125411987,E5_structure_vs_lexical,C5_lex_only,website_lexical_only,empty_all,<workspace_root>\output\week6\checkpoints\heco_encoder__tau0.7__seed44.pt,True
2026-04-30T13:13:41.605915+00:00,T1_Nordic,source_only,44,100,77,80,20,31,0.9888190076869323,1.0,,,0.22580645161290322,0.18421052631578946,,0.22580645161290322,0.22580645161290322,0.5795990294746814,1,False,illegal_recall_at_youden,illegal_recall_at_youden,higher_is_better,0.22580645161290322,0.9999717473983765,,,200,1.0,best_source_val,1,200,False,E5_structure_vs_lexical,16.405858039855957,E5_structure_vs_lexical,C6_no_edges,full,empty_all,<workspace_root>\output\week6\checkpoints\heco_encoder__tau0.7__seed44.pt,True
2026-04-30T13:14:01.435843+00:00,T1_Nordic,source_only,44,100,77,80,20,31,1.0,1.0,,,0.06451612903225806,0.06060606060606061,,0.06451612903225806,0.06451612903225806,0.2848444616696741,1,False,illegal_recall_at_youden,illegal_recall_at_youden,higher_is_better,0.06451612903225806,0.9999991655349731,,,200,1.0,best_source_val,1,200,False,E5_structure_vs_lexical,19.339033365249634,E5_structure_vs_lexical,C7_no_cert_edge,full,remove_uses_cert,<workspace_root>\output\week6\checkpoints\heco_encoder__tau0.7__seed44.pt,True
2026-04-30T13:14:20.953024+00:00,T1_Nordic,source_only,44,100,77,80,20,31,1.0,1.0,,,0.0967741935483871,0.08823529411764706,,0.0967741935483871,0.0967741935483871,0.24771264325185374,1,False,illegal_recall_at_youden,illegal_recall_at_youden,higher_is_better,0.0967741935483871,0.9999817609786987,,,200,1.0,best_source_val,1,200,False,E5_structure_vs_lexical,19.034133911132812,E5_structure_vs_lexical,C8_no_registrar_edge,full,remove_registered_via,<workspace_root>\output\week6\checkpoints\heco_encoder__tau0.7__seed44.pt,True
2026-04-30T13:14:40.055323+00:00,T1_Nordic,source_only,44,100,77,80,20,31,1.0,1.0,,,0.06451612903225806,0.06060606060606061,,0.06451612903225806,0.06451612903225806,0.10323452180541703,1,False,illegal_recall_at_youden,illegal_recall_at_youden,higher_is_better,0.06451612903225806,0.9999018907546997,,,200,1.0,best_source_val,1,200,False,E5_structure_vs_lexical,18.725133419036865,E5_structure_vs_lexical,C9_infra_edges_only,full,infra_only,<workspace_root>\output\week6\checkpoints\heco_encoder__tau0.7__seed44.pt,True
2026-04-30T13:14:44.346448+00:00,T1_Nordic,source_only,45,100,77,80,20,31,0.9706498951781971,0.901098901098901,,,0.0967741935483871,0.08823529411764706,,0.0967741935483871,0.0967741935483871,0.43836083527534236,1,False,illegal_recall_at_youden,illegal_recall_at_youden,higher_is_better,0.0967741935483871,0.4426642656326294,,,1,0.901098901098901,best_source_val,1,50,False,E5_structure_vs_lexical,3.882014513015747,E5_structure_vs_lexical,C1_full,full,full,<workspace_root>\output\week6\checkpoints\heco_encoder__tau0.7__seed45.pt,True
2026-04-30T13:14:49.095252+00:00,T1_Nordic,source_only,45,100,77,80,20,31,0.9608665269042628,0.9120879120879121,,,0.0967741935483871,0.08823529411764706,,0.0967741935483871,0.0967741935483871,0.4377390290460279,1,False,illegal_recall_at_youden,illegal_recall_at_youden,higher_is_better,0.0967741935483871,0.44466349482536316,,,2,0.9120879120879121,best_source_val,1,50,False,E5_structure_vs_lexical,4.276485204696655,E5_structure_vs_lexical,C2_no_cctld,no_cctld,full,<workspace_root>\output\week6\checkpoints\heco_encoder__tau0.7__seed45.pt,True
2026-04-30T13:15:09.124153+00:00,T1_Nordic,source_only,45,100,77,80,20,31,1.0,0.8901098901098902,,,0.0967741935483871,0.08823529411764706,,0.0967741935483871,0.0967741935483871,0.000676484901748285,1,False,illegal_recall_at_youden,illegal_recall_at_youden,higher_is_better,0.0967741935483871,7.893387373769656e-05,,,200,0.8901098901098902,best_source_val,1,200,False,E5_structure_vs_lexical,19.511828184127808,E5_structure_vs_lexical,C3_no_website_lexical,zero_website_lexical,full,<workspace_root>\output\week6\checkpoints\heco_encoder__tau0.7__seed45.pt,True
2026-04-30T13:15:28.303533+00:00,T1_Nordic,source_only,45,100,77,80,20,31,1.0,0.8901098901098902,,,0.0967741935483871,0.08823529411764706,,0.0967741935483871,0.0967741935483871,0.000676484901748285,1,False,illegal_recall_at_youden,illegal_recall_at_youden,higher_is_better,0.0967741935483871,7.893387373769656e-05,,,200,0.8901098901098902,best_source_val,1,200,False,E5_structure_vs_lexical,18.779322862625122,E5_structure_vs_lexical,C4_graph_only,zero_website_all,full,<workspace_root>\output\week6\checkpoints\heco_encoder__tau0.7__seed45.pt,True
2026-04-30T13:15:32.620445+00:00,T1_Nordic,source_only,45,100,77,80,20,31,0.976240391334731,0.8956043956043955,,,0.22580645161290322,0.18421052631578946,,0.22580645161290322,0.22580645161290322,0.43221853817662886,1,False,illegal_recall_at_youden,illegal_recall_at_youden,higher_is_better,0.22580645161290322,0.4391912519931793,,,3,0.8956043956043955,best_source_val,1,50,False,E5_structure_vs_lexical,3.878431797027588,E5_structure_vs_lexical,C5_lex_only,website_lexical_only,empty_all,<workspace_root>\output\week6\checkpoints\heco_encoder__tau0.7__seed45.pt,True
2026-04-30T13:15:36.663966+00:00,T1_Nordic,source_only,45,100,77,80,20,31,0.976240391334731,0.8956043956043955,,,0.22580645161290322,0.18421052631578946,,0.22580645161290322,0.22580645161290322,0.43221853817662886,1,False,illegal_recall_at_youden,illegal_recall_at_youden,higher_is_better,0.22580645161290322,0.4391912519931793,,,3,0.8956043956043955,best_source_val,1,50,False,E5_structure_vs_lexical,3.6542818546295166,E5_structure_vs_lexical,C6_no_edges,full,empty_all,<workspace_root>\output\week6\checkpoints\heco_encoder__tau0.7__seed45.pt,True
2026-04-30T13:15:41.302246+00:00,T1_Nordic,source_only,45,100,77,80,20,31,0.949685534591195,0.9120879120879121,,,0.0967741935483871,0.08823529411764706,,0.0967741935483871,0.0967741935483871,0.43777464666674215,1,False,illegal_recall_at_youden,illegal_recall_at_youden,higher_is_better,0.0967741935483871,0.44091761112213135,,,1,0.9120879120879121,best_source_val,1,50,False,E5_structure_vs_lexical,4.194686412811279,E5_structure_vs_lexical,C7_no_cert_edge,full,remove_uses_cert,<workspace_root>\output\week6\checkpoints\heco_encoder__tau0.7__seed45.pt,True
2026-04-30T13:15:45.940853+00:00,T1_Nordic,source_only,45,100,77,80,20,31,0.9643605870020964,0.901098901098901,,,0.0967741935483871,0.08823529411764706,,0.0967741935483871,0.0967741935483871,0.4384526514237927,1,False,illegal_recall_at_youden,illegal_recall_at_youden,higher_is_better,0.0967741935483871,0.4429515600204468,,,1,0.901098901098901,best_source_val,1,50,False,E5_structure_vs_lexical,4.224759340286255,E5_structure_vs_lexical,C8_no_registrar_edge,full,remove_registered_via,<workspace_root>\output\week6\checkpoints\heco_encoder__tau0.7__seed45.pt,True
2026-04-30T13:15:50.424744+00:00,T1_Nordic,source_only,45,100,77,80,20,31,0.9706498951781971,0.901098901098901,,,0.12903225806451613,0.11428571428571428,,0.12903225806451613,0.12903225806451613,0.43863779306411743,1,False,illegal_recall_at_youden,illegal_recall_at_youden,higher_is_better,0.12903225806451613,0.4426642656326294,,,1,0.901098901098901,best_source_val,1,50,False,E5_structure_vs_lexical,4.011730670928955,E5_structure_vs_lexical,C9_infra_edges_only,full,infra_only,<workspace_root>\output\week6\checkpoints\heco_encoder__tau0.7__seed45.pt,True
2026-04-30T13:16:09.900690+00:00,T1_Nordic,source_only,46,100,77,80,20,31,1.0,1.0,,,0.2903225806451613,0.225,,0.2903225806451613,0.2903225806451613,0.46505624471464907,1,False,illegal_recall_at_youden,illegal_recall_at_youden,higher_is_better,0.2903225806451613,0.9998559951782227,,,200,1.0,best_source_val,1,200,False,E5_structure_vs_lexical,18.924428701400757,E5_structure_vs_lexical,C1_full,full,full,<workspace_root>\output\week6\checkpoints\heco_encoder__tau0.7__seed46.pt,True
2026-04-30T13:16:29.098048+00:00,T1_Nordic,source_only,46,100,77,80,20,31,1.0,1.0,,,0.22580645161290322,0.18421052631578946,,0.22580645161290322,0.22580645161290322,0.31437627686123915,1,False,illegal_recall_at_youden,illegal_recall_at_youden,higher_is_better,0.22580645161290322,0.9993404746055603,,,200,1.0,best_source_val,1,200,False,E5_structure_vs_lexical,18.723439931869507,E5_structure_vs_lexical,C2_no_cctld,no_cctld,full,<workspace_root>\output\week6\checkpoints\heco_encoder__tau0.7__seed46.pt,True
2026-04-30T13:16:49.165329+00:00,T1_Nordic,source_only,46,100,77,80,20,31,1.0,1.0,,,0.0,0.0,,0.0,0.0,0.07072893196813207,1,False,illegal_recall_at_youden,illegal_recall_at_youden,higher_is_better,0.0,0.99986732006073,,,200,1.0,best_source_val,1,200,False,E5_structure_vs_lexical,19.60000205039978,E5_structure_vs_lexical,C3_no_website_lexical,zero_website_lexical,full,<workspace_root>\output\week6\checkpoints\heco_encoder__tau0.7__seed46.pt,True
2026-04-30T13:17:09.098203+00:00,T1_Nordic,source_only,46,100,77,80,20,31,1.0,1.0,,,0.0,0.0,,0.0,0.0,0.07072893196813207,1,False,illegal_recall_at_youden,illegal_recall_at_youden,higher_is_better,0.0,0.99986732006073,,,200,1.0,best_source_val,1,200,False,E5_structure_vs_lexical,19.459617853164673,E5_structure_vs_lexical,C4_graph_only,zero_website_all,full,<workspace_root>\output\week6\checkpoints\heco_encoder__tau0.7__seed46.pt,True
2026-04-30T13:17:15.367293+00:00,T1_Nordic,source_only,46,100,77,80,20,31,0.9661076170510132,0.989010989010989,,,0.6774193548387096,0.40384615384615385,,0.6774193548387096,0.6774193548387096,0.4870202301010009,1,False,illegal_recall_at_youden,illegal_recall_at_youden,higher_is_better,0.6774193548387096,0.10989817976951599,,,51,0.989010989010989,best_source_val,1,76,False,E5_structure_vs_lexical,5.855812311172485,E5_structure_vs_lexical,C5_lex_only,website_lexical_only,empty_all,<workspace_root>\output\week6\checkpoints\heco_encoder__tau0.7__seed46.pt,True
2026-04-30T13:17:21.305077+00:00,T1_Nordic,source_only,46,100,77,80,20,31,0.9661076170510132,0.989010989010989,,,0.6774193548387096,0.40384615384615385,,0.6774193548387096,0.6774193548387096,0.4870202301010009,1,False,illegal_recall_at_youden,illegal_recall_at_youden,higher_is_better,0.6774193548387096,0.10989817976951599,,,51,0.989010989010989,best_source_val,1,76,False,E5_structure_vs_lexical,5.403408050537109,E5_structure_vs_lexical,C6_no_edges,full,empty_all,<workspace_root>\output\week6\checkpoints\heco_encoder__tau0.7__seed46.pt,True
2026-04-30T13:17:28.089918+00:00,T1_Nordic,source_only,46,100,77,80,20,31,0.9853249475890985,1.0,,,0.6451612903225806,0.39215686274509803,,0.6451612903225806,0.6451612903225806,0.40375193276052035,1,False,illegal_recall_at_youden,illegal_recall_at_youden,higher_is_better,0.6451612903225806,0.05702699348330498,,,50,1.0,best_source_val,1,75,False,E5_structure_vs_lexical,6.336759328842163,E5_structure_vs_lexical,C7_no_cert_edge,full,remove_uses_cert,<workspace_root>\output\week6\checkpoints\heco_encoder__tau0.7__seed46.pt,True
2026-04-30T13:17:47.176743+00:00,T1_Nordic,source_only,46,100,77,80,20,31,1.0,1.0,,,0.3870967741935484,0.27906976744186046,,0.3870967741935484,0.3870967741935484,0.47632384896229085,1,False,illegal_recall_at_youden,illegal_recall_at_youden,higher_is_better,0.3870967741935484,0.9989184141159058,,,200,1.0,best_source_val,1,200,False,E5_structure_vs_lexical,18.704380989074707,E5_structure_vs_lexical,C8_no_registrar_edge,full,remove_registered_via,<workspace_root>\output\week6\checkpoints\heco_encoder__tau0.7__seed46.pt,True
2026-04-30T13:18:06.435949+00:00,T1_Nordic,source_only,46,100,77,80,20,31,1.0,1.0,,,0.2903225806451613,0.225,,0.2903225806451613,0.2903225806451613,0.4640860828622345,1,False,illegal_recall_at_youden,illegal_recall_at_youden,higher_is_better,0.2903225806451613,0.9998559951782227,,,200,1.0,best_source_val,1,200,False,E5_structure_vs_lexical,18.829909563064575,E5_structure_vs_lexical,C9_infra_edges_only,full,infra_only,<workspace_root>\output\week6\checkpoints\heco_encoder__tau0.7__seed46.pt,True
2026-04-30T13:18:18.526316+00:00,T2_PH,source_only,42,325,33,263,62,14,0.9976941747572815,0.9791666666666666,0.7916666666666667,0.6825757575757576,0.7916666666666667,0.7846153846153847,0.75,0.8333333333333334,0.8333333333333334,0.40491100663176177,2,True,roc_auc,roc_auc,higher_is_better,0.7916666666666667,0.2993318736553192,,,103,0.9791666666666666,best_source_val,1,128,False,E5_structure_vs_lexical,11.644443273544312,E5_structure_vs_lexical,C1_full,full,full,<workspace_root>\output\week5\checkpoints\heco_encoder__tau0.7__seed42.pt,True
2026-04-30T13:18:28.653386+00:00,T2_PH,source_only,42,325,33,263,62,14,0.9927791262135923,0.9660087719298246,0.7916666666666666,0.746067821067821,0.7708333333333333,0.7754010695187166,0.875,0.6666666666666666,0.6666666666666666,0.35394573268006624,2,True,roc_auc,roc_auc,higher_is_better,0.7916666666666666,0.32760530710220337,,,84,0.9660087719298246,best_source_val,1,109,False,E5_structure_vs_lexical,9.623580694198608,E5_structure_vs_lexical,C2_no_cctld,no_cctld,full,<workspace_root>\output\week5\checkpoints\heco_encoder__tau0.7__seed42.pt,True
2026-04-30T13:18:44.480437+00:00,T2_PH,source_only,42,325,33,263,62,14,0.9655643203883495,0.9342105263157895,0.9375,0.9444444444444444,0.8541666666666667,0.8541666666666667,0.875,0.8333333333333334,0.8333333333333334,0.401394079770593,2,True,roc_auc,roc_auc,higher_is_better,0.9375,0.5088267922401428,,,145,0.9342105263157895,best_source_val,1,170,False,E5_structure_vs_lexical,15.344594717025757,E5_structure_vs_lexical,C3_no_website_lexical,zero_website_lexical,full,<workspace_root>\output\week5\checkpoints\heco_encoder__tau0.7__seed42.pt,True
2026-04-30T13:19:00.604337+00:00,T2_PH,source_only,42,325,33,263,62,14,0.9655643203883495,0.9342105263157895,0.9375,0.9444444444444444,0.8541666666666667,0.8541666666666667,0.875,0.8333333333333334,0.8333333333333334,0.401394079770593,2,True,roc_auc,roc_auc,higher_is_better,0.9375,0.5088267922401428,,,145,0.9342105263157895,best_source_val,1,170,False,E5_structure_vs_lexical,15.56857705116272,E5_structure_vs_lexical,C4_graph_only,zero_website_all,full,<workspace_root>\output\week5\checkpoints\heco_encoder__tau0.7__seed42.pt,True
2026-04-30T13:19:17.641569+00:00,T2_PH,source_only,42,325,33,263,62,14,0.9597087378640777,0.9725877192982456,0.5208333333333333,0.47883597883597884,0.625,0.5333333333333333,0.25,1.0,1.0,0.595649156519877,2,True,roc_auc,roc_auc,higher_is_better,0.5208333333333333,0.2070382535457611,,,190,0.9725877192982456,best_source_val,1,200,False,E5_structure_vs_lexical,16.627366065979004,E5_structure_vs_lexical,C5_lex_only,website_lexical_only,empty_all,<workspace_root>\output\week5\checkpoints\heco_encoder__tau0.7__seed42.pt,True
2026-04-30T13:19:35.019108+00:00,T2_PH,source_only,42,325,33,263,62,14,0.9597087378640777,0.9725877192982456,0.5208333333333333,0.47883597883597884,0.625,0.5333333333333333,0.25,1.0,1.0,0.595649156519877,2,True,roc_auc,roc_auc,higher_is_better,0.5208333333333333,0.2070382535457611,,,190,0.9725877192982456,best_source_val,1,200,False,E5_structure_vs_lexical,16.893638849258423,E5_structure_vs_lexical,C6_no_edges,full,empty_all,<workspace_root>\output\week5\checkpoints\heco_encoder__tau0.7__seed42.pt,True
2026-04-30T13:19:46.886562+00:00,T2_PH,source_only,42,325,33,263,62,14,0.9949635922330097,0.9714912280701755,0.75,0.7236111111111111,0.7291666666666667,0.7142857142857143,0.625,0.8333333333333334,0.8333333333333334,0.3342212832753181,2,True,roc_auc,roc_auc,higher_is_better,0.75,0.09311890602111816,,,101,0.9714912280701755,best_source_val,1,126,False,E5_structure_vs_lexical,11.36918592453003,E5_structure_vs_lexical,C7_no_cert_edge,full,remove_uses_cert,<workspace_root>\output\week5\checkpoints\heco_encoder__tau0.7__seed42.pt,True
2026-04-30T13:19:58.736748+00:00,T2_PH,source_only,42,325,33,263,62,14,0.995995145631068,0.9736842105263157,0.8541666666666666,0.8218253968253968,0.6875,0.6888888888888889,0.875,0.5,0.5,0.3845282803886221,2,True,roc_auc,roc_auc,higher_is_better,0.8541666666666666,0.5942341685295105,,,99,0.9736842105263157,best_source_val,1,124,False,E5_structure_vs_lexical,11.264972686767578,E5_structure_vs_lexical,C8_no_registrar_edge,full,remove_registered_via,<workspace_root>\output\week5\checkpoints\heco_encoder__tau0.7__seed42.pt,True
2026-04-30T13:20:10.719118+00:00,T2_PH,source_only,42,325,33,263,62,14,0.9976941747572815,0.9791666666666666,0.7916666666666667,0.6825757575757576,0.7916666666666667,0.7846153846153847,0.75,0.8333333333333334,0.8333333333333334,0.40491100663176177,2,True,roc_auc,roc_auc,higher_is_better,0.7916666666666667,0.2993318736553192,,,103,0.9791666666666666,best_source_val,1,128,False,E5_structure_vs_lexical,11.378479242324829,E5_structure_vs_lexical,C9_infra_edges_only,full,infra_only,<workspace_root>\output\week5\checkpoints\heco_encoder__tau0.7__seed42.pt,True
2026-04-30T13:20:26.839804+00:00,T2_PH,source_only,43,325,33,261,64,14,0.9995683808114441,0.9333333333333333,0.7083333333333333,0.7160714285714285,0.6666666666666667,0.641025641025641,0.5,0.8333333333333334,0.8333333333333334,0.421050124001988,2,True,roc_auc,roc_auc,higher_is_better,0.7083333333333333,0.16830222308635712,,,144,0.9333333333333333,best_source_val,1,169,False,E5_structure_vs_lexical,15.632901668548584,E5_structure_vs_lexical,C1_full,full,full,<workspace_root>\output\week6\checkpoints\heco_encoder__tau0.7__seed43.pt,True
2026-04-30T13:20:42.272938+00:00,T2_PH,source_only,43,325,33,261,64,14,0.9975336046368233,0.9282051282051282,0.7083333333333333,0.7160714285714285,0.6458333333333333,0.641025641025641,0.625,0.6666666666666666,0.6666666666666666,0.37348497188551033,2,True,roc_auc,roc_auc,higher_is_better,0.7083333333333333,0.10336624085903168,,,133,0.9282051282051282,best_source_val,1,158,False,E5_structure_vs_lexical,14.935966491699219,E5_structure_vs_lexical,C2_no_cctld,no_cctld,full,<workspace_root>\output\week6\checkpoints\heco_encoder__tau0.7__seed43.pt,True
2026-04-30T13:20:57.360000+00:00,T2_PH,source_only,43,325,33,261,64,14,0.9601368849426564,0.8943589743589744,0.7395833333333334,0.7777777777777778,0.6458333333333333,0.641025641025641,0.625,0.6666666666666666,0.6666666666666666,0.40138299136223005,2,True,roc_auc,roc_auc,higher_is_better,0.7395833333333334,0.5827561616897583,,,120,0.8943589743589744,best_source_val,1,145,False,E5_structure_vs_lexical,14.518744230270386,E5_structure_vs_lexical,C3_no_website_lexical,zero_website_lexical,full,<workspace_root>\output\week6\checkpoints\heco_encoder__tau0.7__seed43.pt,True
2026-04-30T13:21:12.114945+00:00,T2_PH,source_only,43,325,33,261,64,14,0.9601368849426564,0.8943589743589744,0.7395833333333334,0.7777777777777778,0.6458333333333333,0.641025641025641,0.625,0.6666666666666666,0.6666666666666666,0.40138299136223005,2,True,roc_auc,roc_auc,higher_is_better,0.7395833333333334,0.5827561616897583,,,120,0.8943589743589744,best_source_val,1,145,False,E5_structure_vs_lexical,14.036326169967651,E5_structure_vs_lexical,C4_graph_only,zero_website_all,full,<workspace_root>\output\week6\checkpoints\heco_encoder__tau0.7__seed43.pt,True
2026-04-30T13:21:17.664146+00:00,T2_PH,source_only,43,325,33,261,64,14,0.9267788876556913,0.8712820512820513,0.5625,0.5852203352203352,0.41666666666666663,0.41666666666666663,0.5,0.3333333333333333,0.3333333333333333,0.6674584283651451,2,True,roc_auc,roc_auc,higher_is_better,0.5625,0.7156455516815186,,,33,0.8712820512820513,best_source_val,1,58,False,E5_structure_vs_lexical,5.078405857086182,E5_structure_vs_lexical,C5_lex_only,website_lexical_only,empty_all,<workspace_root>\output\week6\checkpoints\heco_encoder__tau0.7__seed43.pt,True
2026-04-30T13:21:22.887541+00:00,T2_PH,source_only,43,325,33,261,64,14,0.9267788876556913,0.8712820512820513,0.5625,0.5852203352203352,0.41666666666666663,0.41666666666666663,0.5,0.3333333333333333,0.3333333333333333,0.6674584283651451,2,True,roc_auc,roc_auc,higher_is_better,0.5625,0.7156455516815186,,,33,0.8712820512820513,best_source_val,1,58,False,E5_structure_vs_lexical,4.632291555404663,E5_structure_vs_lexical,C6_no_edges,full,empty_all,<workspace_root>\output\week6\checkpoints\heco_encoder__tau0.7__seed43.pt,True
2026-04-30T13:21:42.355110+00:00,T2_PH,source_only,43,325,33,261,64,14,0.9991367616228881,0.9374358974358974,0.6458333333333334,0.6759259259259259,0.6666666666666667,0.641025641025641,0.5,0.8333333333333334,0.8333333333333334,0.5458815731315981,2,True,roc_auc,roc_auc,higher_is_better,0.6458333333333334,0.0664467141032219,,,186,0.9374358974358974,best_source_val,1,200,False,E5_structure_vs_lexical,19.050800323486328,E5_structure_vs_lexical,C7_no_cert_edge,full,remove_uses_cert,<workspace_root>\output\week6\checkpoints\heco_encoder__tau0.7__seed43.pt,True
2026-04-30T13:21:54.679867+00:00,T2_PH,source_only,43,325,33,261,64,14,0.9937723517079788,0.9117948717948717,0.8333333333333334,0.8824786324786325,0.7291666666666667,0.7142857142857143,0.625,0.8333333333333334,0.8333333333333334,0.556096400925136,2,True,roc_auc,roc_auc,higher_is_better,0.8333333333333334,0.6183562278747559,,,95,0.9117948717948717,best_source_val,1,120,False,E5_structure_vs_lexical,11.864725828170776,E5_structure_vs_lexical,C8_no_registrar_edge,full,remove_registered_via,<workspace_root>\output\week6\checkpoints\heco_encoder__tau0.7__seed43.pt,True
2026-04-30T13:22:11.466979+00:00,T2_PH,source_only,43,325,33,261,64,14,0.9995683808114441,0.9333333333333333,0.7083333333333333,0.7160714285714285,0.6666666666666667,0.641025641025641,0.5,0.8333333333333334,0.8333333333333334,0.421050124001988,2,True,roc_auc,roc_auc,higher_is_better,0.7083333333333333,0.16830222308635712,,,144,0.9333333333333333,best_source_val,1,169,False,E5_structure_vs_lexical,16.00209403038025,E5_structure_vs_lexical,C9_infra_edges_only,full,infra_only,<workspace_root>\output\week6\checkpoints\heco_encoder__tau0.7__seed43.pt,True
2026-04-30T13:22:18.578519+00:00,T2_PH,source_only,44,325,33,258,67,14,0.9644951756322129,0.9221388367729833,0.5416666666666666,0.5590909090909091,0.47916666666666663,0.47593582887700536,0.625,0.3333333333333333,0.3333333333333333,0.3775499789917376,2,True,roc_auc,roc_auc,higher_is_better,0.5416666666666666,0.5042688846588135,,,43,0.9221388367729833,best_source_val,1,68,False,E5_structure_vs_lexical,6.63072943687439,E5_structure_vs_lexical,C1_full,full,full,<workspace_root>\output\week6\checkpoints\heco_encoder__tau0.7__seed44.pt,True
2026-04-30T13:22:24.931902+00:00,T2_PH,source_only,44,325,33,258,67,14,0.920098379264678,0.9146341463414634,0.5833333333333334,0.5935897435897436,0.5208333333333334,0.475,0.875,0.16666666666666666,0.16666666666666666,0.4118428386718733,2,True,roc_auc,roc_auc,higher_is_better,0.5833333333333334,0.660049557685852,,,30,0.9146341463414634,best_source_val,1,55,False,E5_structure_vs_lexical,5.681237459182739,E5_structure_vs_lexical,C2_no_cctld,no_cctld,full,<workspace_root>\output\week6\checkpoints\heco_encoder__tau0.7__seed44.pt,True
2026-04-30T13:22:40.967683+00:00,T2_PH,source_only,44,325,33,258,67,14,0.9752475247524752,0.8733583489681052,0.625,0.6908119658119657,0.6666666666666666,0.65,1.0,0.3333333333333333,0.3333333333333333,0.13627375115369691,2,True,roc_auc,roc_auc,higher_is_better,0.625,0.5209313631057739,,,134,0.8733583489681052,best_source_val,1,159,False,E5_structure_vs_lexical,15.556930541992188,E5_structure_vs_lexical,C3_no_website_lexical,zero_website_lexical,full,<workspace_root>\output\week6\checkpoints\heco_encoder__tau0.7__seed44.pt,True
2026-04-30T13:22:56.430638+00:00,T2_PH,source_only,44,325,33,258,67,14,0.9752475247524752,0.8733583489681052,0.625,0.6908119658119657,0.6666666666666666,0.65,1.0,0.3333333333333333,0.3333333333333333,0.13627375115369691,2,True,roc_auc,roc_auc,higher_is_better,0.625,0.5209313631057739,,,134,0.8733583489681052,best_source_val,1,159,False,E5_structure_vs_lexical,14.835887432098389,E5_structure_vs_lexical,C4_graph_only,zero_website_all,full,<workspace_root>\output\week6\checkpoints\heco_encoder__tau0.7__seed44.pt,True
2026-04-30T13:23:01.195082+00:00,T2_PH,source_only,44,325,33,258,67,14,0.9158100523428139,0.9188555347091933,0.6354166666666666,0.6623376623376623,0.5208333333333333,0.49743589743589745,0.375,0.6666666666666666,0.6666666666666666,0.5732866507668015,2,True,roc_auc,roc_auc,higher_is_better,0.6354166666666666,0.6525574922561646,,,31,0.9188555347091933,best_source_val,1,56,False,E5_structure_vs_lexical,4.329280614852905,E5_structure_vs_lexical,C5_lex_only,website_lexical_only,empty_all,<workspace_root>\output\week6\checkpoints\heco_encoder__tau0.7__seed44.pt,True
2026-04-30T13:23:06.486134+00:00,T2_PH,source_only,44,325,33,258,67,14,0.9158100523428139,0.9188555347091933,0.6354166666666666,0.6623376623376623,0.5208333333333333,0.49743589743589745,0.375,0.6666666666666666,0.6666666666666666,0.5732866507668015,2,True,roc_auc,roc_auc,higher_is_better,0.6354166666666666,0.6525574922561646,,,31,0.9188555347091933,best_source_val,1,56,False,E5_structure_vs_lexical,4.764425754547119,E5_structure_vs_lexical,C6_no_edges,full,empty_all,<workspace_root>\output\week6\checkpoints\heco_encoder__tau0.7__seed44.pt,True
2026-04-30T13:23:12.367879+00:00,T2_PH,source_only,44,325,33,258,67,14,0.9412877593491833,0.9315196998123827,0.5416666666666666,0.5082972582972584,0.41666666666666663,0.41666666666666663,0.5,0.3333333333333333,0.3333333333333333,0.5117600395689286,2,True,roc_auc,roc_auc,higher_is_better,0.5416666666666666,0.7195606827735901,,,33,0.9315196998123827,best_source_val,1,58,False,E5_structure_vs_lexical,5.363593339920044,E5_structure_vs_lexical,C7_no_cert_edge,full,remove_uses_cert,<workspace_root>\output\week6\checkpoints\heco_encoder__tau0.7__seed44.pt,True
2026-04-30T13:23:18.190118+00:00,T2_PH,source_only,44,325,33,258,67,14,0.9467112316327174,0.924015009380863,0.5625,0.5757575757575758,0.5,0.49743589743589745,0.5,0.5,0.5,0.4893526537634898,2,True,roc_auc,roc_auc,higher_is_better,0.5625,0.6412839889526367,,,34,0.924015009380863,best_source_val,1,59,False,E5_structure_vs_lexical,5.20932674407959,E5_structure_vs_lexical,C8_no_registrar_edge,full,remove_registered_via,<workspace_root>\output\week6\checkpoints\heco_encoder__tau0.7__seed44.pt,True
2026-04-30T13:23:25.385011+00:00,T2_PH,source_only,44,325,33,258,67,14,0.9644951756322129,0.9221388367729833,0.5416666666666666,0.5590909090909091,0.47916666666666663,0.47593582887700536,0.625,0.3333333333333333,0.3333333333333333,0.3775499789917376,2,True,roc_auc,roc_auc,higher_is_better,0.5416666666666666,0.5042688846588135,,,43,0.9221388367729833,best_source_val,1,68,False,E5_structure_vs_lexical,6.691160440444946,E5_structure_vs_lexical,C9_infra_edges_only,full,infra_only,<workspace_root>\output\week6\checkpoints\heco_encoder__tau0.7__seed44.pt,True
2026-04-30T13:23:34.330256+00:00,T2_PH,source_only,45,325,33,259,66,14,0.9922296027071063,0.9500000000000001,0.4583333333333333,0.4332722832722833,0.3125,0.2631578947368421,0.625,0.0,0.0,0.26935803837009836,2,True,roc_auc,roc_auc,higher_is_better,0.4583333333333333,0.48046356439590454,,,62,0.9500000000000001,best_source_val,1,87,False,E5_structure_vs_lexical,8.452905893325806,E5_structure_vs_lexical,C1_full,full,full,<workspace_root>\output\week6\checkpoints\heco_encoder__tau0.7__seed45.pt,True
2026-04-30T13:23:42.522448+00:00,T2_PH,source_only,45,325,33,259,66,14,0.9812006517107408,0.9375,0.31250000000000006,0.36563852813852815,0.3958333333333333,0.37777777777777777,0.625,0.16666666666666666,0.16666666666666666,0.2307596200012735,2,True,roc_auc,roc_auc,higher_is_better,0.31250000000000006,0.35932913422584534,,,59,0.9375,best_source_val,1,84,False,E5_structure_vs_lexical,7.727610349655151,E5_structure_vs_lexical,C2_no_cctld,no_cctld,full,<workspace_root>\output\week6\checkpoints\heco_encoder__tau0.7__seed45.pt,True
2026-04-30T13:24:01.254940+00:00,T2_PH,source_only,45,325,33,259,66,14,0.9738375736307808,0.8903846153846153,0.4375,0.5265151515151515,0.5208333333333334,0.475,0.875,0.16666666666666666,0.16666666666666666,0.1761741790853973,2,True,roc_auc,roc_auc,higher_is_better,0.4375,0.4463479220867157,,,179,0.8903846153846153,best_source_val,1,200,False,E5_structure_vs_lexical,18.180359363555908,E5_structure_vs_lexical,C3_no_website_lexical,zero_website_lexical,full,<workspace_root>\output\week6\checkpoints\heco_encoder__tau0.7__seed45.pt,True
2026-04-30T13:24:20.639409+00:00,T2_PH,source_only,45,325,33,259,66,14,0.9738375736307808,0.8903846153846153,0.4375,0.5265151515151515,0.5208333333333334,0.475,0.875,0.16666666666666666,0.16666666666666666,0.1761741790853973,2,True,roc_auc,roc_auc,higher_is_better,0.4375,0.4463479220867157,,,179,0.8903846153846153,best_source_val,1,200,False,E5_structure_vs_lexical,18.74928045272827,E5_structure_vs_lexical,C4_graph_only,zero_website_all,full,<workspace_root>\output\week6\checkpoints\heco_encoder__tau0.7__seed45.pt,True
2026-04-30T13:24:28.207821+00:00,T2_PH,source_only,45,325,33,259,66,14,0.9430066424363955,0.9264423076923077,0.4375,0.47391497391497395,0.3333333333333333,0.2222222222222222,0.0,0.6666666666666666,0.6666666666666666,0.6987056668315615,2,True,roc_auc,roc_auc,higher_is_better,0.4375,0.5490425825119019,,,61,0.9264423076923077,best_source_val,1,86,False,E5_structure_vs_lexical,7.050913333892822,E5_structure_vs_lexical,C5_lex_only,website_lexical_only,empty_all,<workspace_root>\output\week6\checkpoints\heco_encoder__tau0.7__seed45.pt,True
2026-04-30T13:24:35.992577+00:00,T2_PH,source_only,45,325,33,259,66,14,0.9430066424363955,0.9264423076923077,0.4375,0.47391497391497395,0.3333333333333333,0.2222222222222222,0.0,0.6666666666666666,0.6666666666666666,0.6987056668315615,2,True,roc_auc,roc_auc,higher_is_better,0.4375,0.5490425825119019,,,61,0.9264423076923077,best_source_val,1,86,False,E5_structure_vs_lexical,7.275984525680542,E5_structure_vs_lexical,C6_no_edges,full,empty_all,<workspace_root>\output\week6\checkpoints\heco_encoder__tau0.7__seed45.pt,True
2026-04-30T13:24:44.549774+00:00,T2_PH,source_only,45,325,33,259,66,14,0.984647198897105,0.9423076923076923,0.3125,0.3663359788359788,0.4583333333333333,0.41666666666666663,0.25,0.6666666666666666,0.6666666666666666,0.35338451952806543,2,True,roc_auc,roc_auc,higher_is_better,0.3125,0.15197396278381348,,,60,0.9423076923076923,best_source_val,1,85,False,E5_structure_vs_lexical,7.9895946979522705,E5_structure_vs_lexical,C7_no_cert_edge,full,remove_uses_cert,<workspace_root>\output\week6\checkpoints\heco_encoder__tau0.7__seed45.pt,True
2026-04-30T13:24:52.508390+00:00,T2_PH,source_only,45,325,33,259,66,14,0.9890963779922295,0.9471153846153846,0.5,0.46464646464646464,0.4583333333333333,0.41666666666666663,0.25,0.6666666666666666,0.6666666666666666,0.3864056598395109,2,True,roc_auc,roc_auc,higher_is_better,0.5,0.21276132762432098,,,60,0.9471153846153846,best_source_val,1,85,False,E5_structure_vs_lexical,7.305592060089111,E5_structure_vs_lexical,C8_no_registrar_edge,full,remove_registered_via,<workspace_root>\output\week6\checkpoints\heco_encoder__tau0.7__seed45.pt,True
2026-04-30T13:25:01.740610+00:00,T2_PH,source_only,45,325,33,259,66,14,0.9922296027071063,0.9500000000000001,0.4583333333333333,0.4332722832722833,0.3125,0.2631578947368421,0.625,0.0,0.0,0.26935803837009836,2,True,roc_auc,roc_auc,higher_is_better,0.4583333333333333,0.48046356439590454,,,62,0.9500000000000001,best_source_val,1,87,False,E5_structure_vs_lexical,8.595548629760742,E5_structure_vs_lexical,C9_infra_edges_only,full,infra_only,<workspace_root>\output\week6\checkpoints\heco_encoder__tau0.7__seed45.pt,True
2026-04-30T13:25:20.485898+00:00,T2_PH,source_only,46,325,33,263,62,14,0.9998179611650486,0.9912280701754386,0.7083333333333333,0.627020202020202,0.5833333333333333,0.5714285714285714,0.5,0.6666666666666666,0.6666666666666666,0.4235584710040306,2,True,roc_auc,roc_auc,higher_is_better,0.7083333333333333,0.0867193266749382,,,168,0.9912280701754386,best_source_val,1,193,False,E5_structure_vs_lexical,18.237361907958984,E5_structure_vs_lexical,C1_full,full,full,<workspace_root>\output\week6\checkpoints\heco_encoder__tau0.7__seed46.pt,True
2026-04-30T13:25:35.187375+00:00,T2_PH,source_only,46,325,33,263,62,14,0.9945995145631068,0.9561403508771931,0.625,0.552020202020202,0.6041666666666666,0.5906432748538011,0.875,0.3333333333333333,0.3333333333333333,0.24482672571113134,2,True,roc_auc,roc_auc,higher_is_better,0.625,0.7084919810295105,,,117,0.9561403508771931,best_source_val,1,142,False,E5_structure_vs_lexical,14.00550889968872,E5_structure_vs_lexical,C2_no_cctld,no_cctld,full,<workspace_root>\output\week6\checkpoints\heco_encoder__tau0.7__seed46.pt,True
2026-04-30T13:25:49.833390+00:00,T2_PH,source_only,46,325,33,263,62,14,0.9558555825242718,0.924342105263158,0.25,0.3603174603174603,0.375,0.3,0.75,0.0,0.0,0.283363769420248,2,True,roc_auc,roc_auc,higher_is_better,0.25,0.6546653509140015,,,119,0.924342105263158,best_source_val,1,144,False,E5_structure_vs_lexical,14.132281303405762,E5_structure_vs_lexical,C3_no_website_lexical,zero_website_lexical,full,<workspace_root>\output\week6\checkpoints\heco_encoder__tau0.7__seed46.pt,True
2026-04-30T13:26:04.265113+00:00,T2_PH,source_only,46,325,33,263,62,14,0.9558555825242718,0.924342105263158,0.25,0.3603174603174603,0.375,0.3,0.75,0.0,0.0,0.283363769420248,2,True,roc_auc,roc_auc,higher_is_better,0.25,0.6546653509140015,,,119,0.924342105263158,best_source_val,1,144,False,E5_structure_vs_lexical,13.941159725189209,E5_structure_vs_lexical,C4_graph_only,zero_website_all,full,<workspace_root>\output\week6\checkpoints\heco_encoder__tau0.7__seed46.pt,True
2026-04-30T13:26:13.939512+00:00,T2_PH,source_only,46,325,33,263,62,14,0.9357402912621359,0.9418859649122808,0.6041666666666666,0.5353535353535354,0.625,0.5333333333333333,0.25,1.0,1.0,0.6502425530925393,2,True,roc_auc,roc_auc,higher_is_better,0.6041666666666666,0.12089177221059799,,,89,0.9418859649122808,best_source_val,1,114,False,E5_structure_vs_lexical,9.152296304702759,E5_structure_vs_lexical,C5_lex_only,website_lexical_only,empty_all,<workspace_root>\output\week6\checkpoints\heco_encoder__tau0.7__seed46.pt,True
2026-04-30T13:26:24.182040+00:00,T2_PH,source_only,46,325,33,263,62,14,0.9357402912621359,0.9418859649122808,0.6041666666666666,0.5353535353535354,0.625,0.5333333333333333,0.25,1.0,1.0,0.6502425530925393,2,True,roc_auc,roc_auc,higher_is_better,0.6041666666666666,0.12089177221059799,,,89,0.9418859649122808,best_source_val,1,114,False,E5_structure_vs_lexical,9.763372421264648,E5_structure_vs_lexical,C6_no_edges,full,empty_all,<workspace_root>\output\week6\checkpoints\heco_encoder__tau0.7__seed46.pt,True
2026-04-30T13:26:41.167786+00:00,T2_PH,source_only,46,325,33,263,62,14,0.9981189320388348,0.9780701754385965,0.6875,0.6378306878306879,0.6875,0.625668449197861,0.375,1.0,1.0,0.41945099069328406,2,True,roc_auc,roc_auc,higher_is_better,0.6875,0.03628993406891823,,,158,0.9780701754385965,best_source_val,1,183,False,E5_structure_vs_lexical,16.400823831558228,E5_structure_vs_lexical,C7_no_cert_edge,full,remove_uses_cert,<workspace_root>\output\week6\checkpoints\heco_encoder__tau0.7__seed46.pt,True
2026-04-30T13:26:54.849225+00:00,T2_PH,source_only,46,325,33,263,62,14,0.9956917475728154,0.9791666666666666,0.875,0.8819444444444444,0.6458333333333333,0.641025641025641,0.625,0.6666666666666666,0.6666666666666666,0.471410427979468,2,True,roc_auc,roc_auc,higher_is_better,0.875,0.3592333495616913,,,112,0.9791666666666666,best_source_val,1,137,False,E5_structure_vs_lexical,13.077929735183716,E5_structure_vs_lexical,C8_no_registrar_edge,full,remove_registered_via,<workspace_root>\output\week6\checkpoints\heco_encoder__tau0.7__seed46.pt,True
2026-04-30T13:27:13.467882+00:00,T2_PH,source_only,46,325,33,263,62,14,0.9998179611650486,0.9912280701754386,0.7083333333333333,0.627020202020202,0.5833333333333333,0.5714285714285714,0.5,0.6666666666666666,0.6666666666666666,0.4235584710040306,2,True,roc_auc,roc_auc,higher_is_better,0.7083333333333333,0.0867193266749382,,,168,0.9912280701754386,best_source_val,1,193,False,E5_structure_vs_lexical,18.138855457305908,E5_structure_vs_lexical,C9_infra_edges_only,full,infra_only,<workspace_root>\output\week6\checkpoints\heco_encoder__tau0.7__seed46.pt,True
2026-04-30T13:27:25.313252+00:00,T2_ON,source_only,42,325,58,263,62,24,0.9976941747572815,0.9791666666666666,,,0.625,0.38461538461538464,0.625,,,0.30277217138952867,1,False,mean_pred_illegal,mean_pred_illegal_lower_is_better,lower_is_better,0.30277217138952867,0.2993318736553192,,,103,0.9791666666666666,best_source_val,1,128,False,E5_structure_vs_lexical,11.382797956466675,E5_structure_vs_lexical,C1_full,full,full,<workspace_root>\output\week5\checkpoints\heco_encoder__tau0.7__seed42.pt,True
2026-04-30T13:27:35.318279+00:00,T2_ON,source_only,42,325,58,263,62,24,0.9927791262135923,0.9660087719298246,,,0.625,0.38461538461538464,0.625,,,0.28262405386022255,1,False,mean_pred_illegal,mean_pred_illegal_lower_is_better,lower_is_better,0.28262405386022255,0.32760530710220337,,,84,0.9660087719298246,best_source_val,1,109,False,E5_structure_vs_lexical,9.43240237236023,E5_structure_vs_lexical,C2_no_cctld,no_cctld,full,<workspace_root>\output\week5\checkpoints\heco_encoder__tau0.7__seed42.pt,True
2026-04-30T13:27:50.273214+00:00,T2_ON,source_only,42,325,58,263,62,24,0.9655643203883495,0.9342105263157895,,,0.5,0.3333333333333333,0.5,,,0.43964377148737793,1,False,mean_pred_illegal,mean_pred_illegal_lower_is_better,lower_is_better,0.43964377148737793,0.5088267922401428,,,145,0.9342105263157895,best_source_val,1,170,False,E5_structure_vs_lexical,14.506098985671997,E5_structure_vs_lexical,C3_no_website_lexical,zero_website_lexical,full,<workspace_root>\output\week5\checkpoints\heco_encoder__tau0.7__seed42.pt,True
2026-04-30T13:28:06.114955+00:00,T2_ON,source_only,42,325,58,263,62,24,0.9655643203883495,0.9342105263157895,,,0.5,0.3333333333333333,0.5,,,0.43964377148737793,1,False,mean_pred_illegal,mean_pred_illegal_lower_is_better,lower_is_better,0.43964377148737793,0.5088267922401428,,,145,0.9342105263157895,best_source_val,1,170,False,E5_structure_vs_lexical,15.228428602218628,E5_structure_vs_lexical,C4_graph_only,zero_website_all,full,<workspace_root>\output\week5\checkpoints\heco_encoder__tau0.7__seed42.pt,True
2026-04-30T13:28:23.021322+00:00,T2_ON,source_only,42,325,58,263,62,24,0.9597087378640777,0.9725877192982456,,,0.4583333333333333,0.3142857142857143,0.4583333333333333,,,0.30686047847848386,1,False,mean_pred_illegal,mean_pred_illegal_lower_is_better,lower_is_better,0.30686047847848386,0.2070382535457611,,,190,0.9725877192982456,best_source_val,1,200,False,E5_structure_vs_lexical,16.442758798599243,E5_structure_vs_lexical,C5_lex_only,website_lexical_only,empty_all,<workspace_root>\output\week5\checkpoints\heco_encoder__tau0.7__seed42.pt,True
2026-04-30T13:28:40.051487+00:00,T2_ON,source_only,42,325,58,263,62,24,0.9597087378640777,0.9725877192982456,,,0.4583333333333333,0.3142857142857143,0.4583333333333333,,,0.30686047847848386,1,False,mean_pred_illegal,mean_pred_illegal_lower_is_better,lower_is_better,0.30686047847848386,0.2070382535457611,,,190,0.9725877192982456,best_source_val,1,200,False,E5_structure_vs_lexical,16.40406847000122,E5_structure_vs_lexical,C6_no_edges,full,empty_all,<workspace_root>\output\week5\checkpoints\heco_encoder__tau0.7__seed42.pt,True
2026-04-30T13:28:51.558677+00:00,T2_ON,source_only,42,325,58,263,62,24,0.9949635922330097,0.9714912280701755,,,0.5833333333333334,0.3684210526315789,0.5833333333333334,,,0.27046195426438163,1,False,mean_pred_illegal,mean_pred_illegal_lower_is_better,lower_is_better,0.27046195426438163,0.09311890602111816,,,101,0.9714912280701755,best_source_val,1,126,False,E5_structure_vs_lexical,11.071818113327026,E5_structure_vs_lexical,C7_no_cert_edge,full,remove_uses_cert,<workspace_root>\output\week5\checkpoints\heco_encoder__tau0.7__seed42.pt,True
2026-04-30T13:29:03.126520+00:00,T2_ON,source_only,42,325,58,263,62,24,0.995995145631068,0.9736842105263157,,,0.7083333333333334,0.4146341463414634,0.7083333333333334,,,0.3580192989773157,1,False,mean_pred_illegal,mean_pred_illegal_lower_is_better,lower_is_better,0.3580192989773157,0.5942341685295105,,,99,0.9736842105263157,best_source_val,1,124,False,E5_structure_vs_lexical,11.121752500534058,E5_structure_vs_lexical,C8_no_registrar_edge,full,remove_registered_via,<workspace_root>\output\week5\checkpoints\heco_encoder__tau0.7__seed42.pt,True
2026-04-30T13:29:16.577242+00:00,T2_ON,source_only,42,325,58,263,62,24,0.9976941747572815,0.9791666666666666,,,0.625,0.38461538461538464,0.625,,,0.30277217138952867,1,False,mean_pred_illegal,mean_pred_illegal_lower_is_better,lower_is_better,0.30277217138952867,0.2993318736553192,,,103,0.9791666666666666,best_source_val,1,128,False,E5_structure_vs_lexical,12.79722285270691,E5_structure_vs_lexical,C9_infra_edges_only,full,infra_only,<workspace_root>\output\week5\checkpoints\heco_encoder__tau0.7__seed42.pt,True
2026-04-30T13:29:32.977185+00:00,T2_ON,source_only,43,325,58,261,64,24,0.9995683808114441,0.9333333333333333,,,0.5833333333333334,0.3684210526315789,0.5833333333333334,,,0.3437696565912726,1,False,mean_pred_illegal,mean_pred_illegal_lower_is_better,lower_is_better,0.3437696565912726,0.16830222308635712,,,144,0.9333333333333333,best_source_val,1,169,False,E5_structure_vs_lexical,15.847092390060425,E5_structure_vs_lexical,C1_full,full,full,<workspace_root>\output\week6\checkpoints\heco_encoder__tau0.7__seed43.pt,True
2026-04-30T13:29:48.594319+00:00,T2_ON,source_only,43,325,58,261,64,24,0.9975336046368233,0.9282051282051282,,,0.5833333333333334,0.3684210526315789,0.5833333333333334,,,0.23043441959453048,1,False,mean_pred_illegal,mean_pred_illegal_lower_is_better,lower_is_better,0.23043441959453048,0.10336624085903168,,,133,0.9282051282051282,best_source_val,1,158,False,E5_structure_vs_lexical,15.092167377471924,E5_structure_vs_lexical,C2_no_cctld,no_cctld,full,<workspace_root>\output\week6\checkpoints\heco_encoder__tau0.7__seed43.pt,True
2026-04-30T13:30:02.830773+00:00,T2_ON,source_only,43,325,58,261,64,24,0.9601368849426564,0.8943589743589744,,,0.5416666666666666,0.35135135135135137,0.5416666666666666,,,0.4825890838649987,1,False,mean_pred_illegal,mean_pred_illegal_lower_is_better,lower_is_better,0.4825890838649987,0.5827561616897583,,,120,0.8943589743589744,best_source_val,1,145,False,E5_structure_vs_lexical,13.62927508354187,E5_structure_vs_lexical,C3_no_website_lexical,zero_website_lexical,full,<workspace_root>\output\week6\checkpoints\heco_encoder__tau0.7__seed43.pt,True
2026-04-30T13:30:17.353095+00:00,T2_ON,source_only,43,325,58,261,64,24,0.9601368849426564,0.8943589743589744,,,0.5416666666666666,0.35135135135135137,0.5416666666666666,,,0.4825890838649987,1,False,mean_pred_illegal,mean_pred_illegal_lower_is_better,lower_is_better,0.4825890838649987,0.5827561616897583,,,120,0.8943589743589744,best_source_val,1,145,False,E5_structure_vs_lexical,14.01262879371643,E5_structure_vs_lexical,C4_graph_only,zero_website_all,full,<workspace_root>\output\week6\checkpoints\heco_encoder__tau0.7__seed43.pt,True
2026-04-30T13:30:22.263211+00:00,T2_ON,source_only,43,325,58,261,64,24,0.9267788876556913,0.8712820512820513,,,0.7916666666666666,0.4418604651162791,0.7916666666666666,,,0.3196135041847204,1,False,mean_pred_illegal,mean_pred_illegal_lower_is_better,lower_is_better,0.3196135041847204,0.7156455516815186,,,33,0.8712820512820513,best_source_val,1,58,False,E5_structure_vs_lexical,4.453474998474121,E5_structure_vs_lexical,C5_lex_only,website_lexical_only,empty_all,<workspace_root>\output\week6\checkpoints\heco_encoder__tau0.7__seed43.pt,True
2026-04-30T13:30:27.841409+00:00,T2_ON,source_only,43,325,58,261,64,24,0.9267788876556913,0.8712820512820513,,,0.7916666666666666,0.4418604651162791,0.7916666666666666,,,0.3196135041847204,1,False,mean_pred_illegal,mean_pred_illegal_lower_is_better,lower_is_better,0.3196135041847204,0.7156455516815186,,,33,0.8712820512820513,best_source_val,1,58,False,E5_structure_vs_lexical,4.960464239120483,E5_structure_vs_lexical,C6_no_edges,full,empty_all,<workspace_root>\output\week6\checkpoints\heco_encoder__tau0.7__seed43.pt,True
2026-04-30T13:30:47.671480+00:00,T2_ON,source_only,43,325,58,261,64,24,0.9991367616228881,0.9374358974358974,,,0.5833333333333334,0.3684210526315789,0.5833333333333334,,,0.3600814465244184,1,False,mean_pred_illegal,mean_pred_illegal_lower_is_better,lower_is_better,0.3600814465244184,0.0664467141032219,,,186,0.9374358974358974,best_source_val,1,200,False,E5_structure_vs_lexical,19.09580636024475,E5_structure_vs_lexical,C7_no_cert_edge,full,remove_uses_cert,<workspace_root>\output\week6\checkpoints\heco_encoder__tau0.7__seed43.pt,True
2026-04-30T13:30:59.551181+00:00,T2_ON,source_only,43,325,58,261,64,24,0.9937723517079788,0.9117948717948717,,,0.625,0.38461538461538464,0.625,,,0.3481228865475714,1,False,mean_pred_illegal,mean_pred_illegal_lower_is_better,lower_is_better,0.3481228865475714,0.6183562278747559,,,95,0.9117948717948717,best_source_val,1,120,False,E5_structure_vs_lexical,11.289392948150635,E5_structure_vs_lexical,C8_no_registrar_edge,full,remove_registered_via,<workspace_root>\output\week6\checkpoints\heco_encoder__tau0.7__seed43.pt,True
2026-04-30T13:31:15.905666+00:00,T2_ON,source_only,43,325,58,261,64,24,0.9995683808114441,0.9333333333333333,,,0.5833333333333334,0.3684210526315789,0.5833333333333334,,,0.3437696565912726,1,False,mean_pred_illegal,mean_pred_illegal_lower_is_better,lower_is_better,0.3437696565912726,0.16830222308635712,,,144,0.9333333333333333,best_source_val,1,169,False,E5_structure_vs_lexical,15.887705087661743,E5_structure_vs_lexical,C9_infra_edges_only,full,infra_only,<workspace_root>\output\week6\checkpoints\heco_encoder__tau0.7__seed43.pt,True
2026-04-30T13:31:22.767034+00:00,T2_ON,source_only,44,325,58,258,67,24,0.9644951756322129,0.9221388367729833,,,0.625,0.38461538461538464,0.625,,,0.36281932587735355,1,False,mean_pred_illegal,mean_pred_illegal_lower_is_better,lower_is_better,0.36281932587735355,0.5042688846588135,,,43,0.9221388367729833,best_source_val,1,68,False,E5_structure_vs_lexical,6.312818765640259,E5_structure_vs_lexical,C1_full,full,full,<workspace_root>\output\week6\checkpoints\heco_encoder__tau0.7__seed44.pt,True
2026-04-30T13:31:28.240343+00:00,T2_ON,source_only,44,325,58,258,67,24,0.920098379264678,0.9146341463414634,,,0.8333333333333334,0.45454545454545453,0.8333333333333334,,,0.3370824898593128,1,False,mean_pred_illegal,mean_pred_illegal_lower_is_better,lower_is_better,0.3370824898593128,0.660049557685852,,,30,0.9146341463414634,best_source_val,1,55,False,E5_structure_vs_lexical,4.806901216506958,E5_structure_vs_lexical,C2_no_cctld,no_cctld,full,<workspace_root>\output\week6\checkpoints\heco_encoder__tau0.7__seed44.pt,True
2026-04-30T13:31:43.858530+00:00,T2_ON,source_only,44,325,58,258,67,24,0.9752475247524752,0.8733583489681052,,,0.375,0.2727272727272727,0.375,,,0.46790705605808586,1,False,mean_pred_illegal,mean_pred_illegal_lower_is_better,lower_is_better,0.46790705605808586,0.5209313631057739,,,134,0.8733583489681052,best_source_val,1,159,False,E5_structure_vs_lexical,15.076500177383423,E5_structure_vs_lexical,C3_no_website_lexical,zero_website_lexical,full,<workspace_root>\output\week6\checkpoints\heco_encoder__tau0.7__seed44.pt,True
2026-04-30T13:31:58.758861+00:00,T2_ON,source_only,44,325,58,258,67,24,0.9752475247524752,0.8733583489681052,,,0.375,0.2727272727272727,0.375,,,0.46790705605808586,1,False,mean_pred_illegal,mean_pred_illegal_lower_is_better,lower_is_better,0.46790705605808586,0.5209313631057739,,,134,0.8733583489681052,best_source_val,1,159,False,E5_structure_vs_lexical,14.250958442687988,E5_structure_vs_lexical,C4_graph_only,zero_website_all,full,<workspace_root>\output\week6\checkpoints\heco_encoder__tau0.7__seed44.pt,True
2026-04-30T13:32:03.817797+00:00,T2_ON,source_only,44,325,58,258,67,24,0.9158100523428139,0.9188555347091933,,,0.75,0.42857142857142855,0.75,,,0.3291416159287716,1,False,mean_pred_illegal,mean_pred_illegal_lower_is_better,lower_is_better,0.3291416159287716,0.6525574922561646,,,31,0.9188555347091933,best_source_val,1,56,False,E5_structure_vs_lexical,4.6498754024505615,E5_structure_vs_lexical,C5_lex_only,website_lexical_only,empty_all,<workspace_root>\output\week6\checkpoints\heco_encoder__tau0.7__seed44.pt,True
2026-04-30T13:32:09.015010+00:00,T2_ON,source_only,44,325,58,258,67,24,0.9158100523428139,0.9188555347091933,,,0.75,0.42857142857142855,0.75,,,0.3291416159287716,1,False,mean_pred_illegal,mean_pred_illegal_lower_is_better,lower_is_better,0.3291416159287716,0.6525574922561646,,,31,0.9188555347091933,best_source_val,1,56,False,E5_structure_vs_lexical,4.622035264968872,E5_structure_vs_lexical,C6_no_edges,full,empty_all,<workspace_root>\output\week6\checkpoints\heco_encoder__tau0.7__seed44.pt,True
2026-04-30T13:32:15.207218+00:00,T2_ON,source_only,44,325,58,258,67,24,0.9412877593491833,0.9315196998123827,,,0.8333333333333334,0.45454545454545453,0.8333333333333334,,,0.36405228831184405,1,False,mean_pred_illegal,mean_pred_illegal_lower_is_better,lower_is_better,0.36405228831184405,0.7195606827735901,,,33,0.9315196998123827,best_source_val,1,58,False,E5_structure_vs_lexical,5.524197101593018,E5_structure_vs_lexical,C7_no_cert_edge,full,remove_uses_cert,<workspace_root>\output\week6\checkpoints\heco_encoder__tau0.7__seed44.pt,True
2026-04-30T13:32:20.791773+00:00,T2_ON,source_only,44,325,58,258,67,24,0.9467112316327174,0.924015009380863,,,0.7083333333333334,0.4146341463414634,0.7083333333333334,,,0.395929985291635,1,False,mean_pred_illegal,mean_pred_illegal_lower_is_better,lower_is_better,0.395929985291635,0.6412839889526367,,,34,0.924015009380863,best_source_val,1,59,False,E5_structure_vs_lexical,5.032926797866821,E5_structure_vs_lexical,C8_no_registrar_edge,full,remove_registered_via,<workspace_root>\output\week6\checkpoints\heco_encoder__tau0.7__seed44.pt,True
2026-04-30T13:32:26.896995+00:00,T2_ON,source_only,44,325,58,258,67,24,0.9644951756322129,0.9221388367729833,,,0.625,0.38461538461538464,0.625,,,0.36281932587735355,1,False,mean_pred_illegal,mean_pred_illegal_lower_is_better,lower_is_better,0.36281932587735355,0.5042688846588135,,,43,0.9221388367729833,best_source_val,1,68,False,E5_structure_vs_lexical,5.620789527893066,E5_structure_vs_lexical,C9_infra_edges_only,full,infra_only,<workspace_root>\output\week6\checkpoints\heco_encoder__tau0.7__seed44.pt,True
2026-04-30T13:32:35.658428+00:00,T2_ON,source_only,45,325,58,259,66,24,0.9922296027071063,0.9500000000000001,,,0.7083333333333334,0.4146341463414634,0.7083333333333334,,,0.2889662125768761,1,False,mean_pred_illegal,mean_pred_illegal_lower_is_better,lower_is_better,0.2889662125768761,0.48046356439590454,,,62,0.9500000000000001,best_source_val,1,87,False,E5_structure_vs_lexical,8.172661781311035,E5_structure_vs_lexical,C1_full,full,full,<workspace_root>\output\week6\checkpoints\heco_encoder__tau0.7__seed45.pt,True
2026-04-30T13:32:44.040285+00:00,T2_ON,source_only,45,325,58,259,66,24,0.9812006517107408,0.9375,,,0.6666666666666666,0.4,0.6666666666666666,,,0.3332863260099354,1,False,mean_pred_illegal,mean_pred_illegal_lower_is_better,lower_is_better,0.3332863260099354,0.35932913422584534,,,59,0.9375,best_source_val,1,84,False,E5_structure_vs_lexical,7.8398332595825195,E5_structure_vs_lexical,C2_no_cctld,no_cctld,full,<workspace_root>\output\week6\checkpoints\heco_encoder__tau0.7__seed45.pt,True
2026-04-30T13:33:03.269400+00:00,T2_ON,source_only,45,325,58,259,66,24,0.9738375736307808,0.8903846153846153,,,0.75,0.42857142857142855,0.75,,,0.2738823908215622,1,False,mean_pred_illegal,mean_pred_illegal_lower_is_better,lower_is_better,0.2738823908215622,0.4463479220867157,,,179,0.8903846153846153,best_source_val,1,200,False,E5_structure_vs_lexical,18.431227922439575,E5_structure_vs_lexical,C3_no_website_lexical,zero_website_lexical,full,<workspace_root>\output\week6\checkpoints\heco_encoder__tau0.7__seed45.pt,True
2026-04-30T13:33:23.272786+00:00,T2_ON,source_only,45,325,58,259,66,24,0.9738375736307808,0.8903846153846153,,,0.75,0.42857142857142855,0.75,,,0.2738823908215622,1,False,mean_pred_illegal,mean_pred_illegal_lower_is_better,lower_is_better,0.2738823908215622,0.4463479220867157,,,179,0.8903846153846153,best_source_val,1,200,False,E5_structure_vs_lexical,19.299731969833374,E5_structure_vs_lexical,C4_graph_only,zero_website_all,full,<workspace_root>\output\week6\checkpoints\heco_encoder__tau0.7__seed45.pt,True
2026-04-30T13:33:30.888135+00:00,T2_ON,source_only,45,325,58,259,66,24,0.9430066424363955,0.9264423076923077,,,0.5833333333333334,0.3684210526315789,0.5833333333333334,,,0.3365761526705076,1,False,mean_pred_illegal,mean_pred_illegal_lower_is_better,lower_is_better,0.3365761526705076,0.5490425825119019,,,61,0.9264423076923077,best_source_val,1,86,False,E5_structure_vs_lexical,7.066682577133179,E5_structure_vs_lexical,C5_lex_only,website_lexical_only,empty_all,<workspace_root>\output\week6\checkpoints\heco_encoder__tau0.7__seed45.pt,True
2026-04-30T13:33:39.216457+00:00,T2_ON,source_only,45,325,58,259,66,24,0.9430066424363955,0.9264423076923077,,,0.5833333333333334,0.3684210526315789,0.5833333333333334,,,0.3365761526705076,1,False,mean_pred_illegal,mean_pred_illegal_lower_is_better,lower_is_better,0.3365761526705076,0.5490425825119019,,,61,0.9264423076923077,best_source_val,1,86,False,E5_structure_vs_lexical,7.678553342819214,E5_structure_vs_lexical,C6_no_edges,full,empty_all,<workspace_root>\output\week6\checkpoints\heco_encoder__tau0.7__seed45.pt,True
2026-04-30T13:33:47.661913+00:00,T2_ON,source_only,45,325,58,259,66,24,0.984647198897105,0.9423076923076923,,,0.5416666666666666,0.35135135135135137,0.5416666666666666,,,0.28961614868603647,1,False,mean_pred_illegal,mean_pred_illegal_lower_is_better,lower_is_better,0.28961614868603647,0.15197396278381348,,,60,0.9423076923076923,best_source_val,1,85,False,E5_structure_vs_lexical,7.85890793800354,E5_structure_vs_lexical,C7_no_cert_edge,full,remove_uses_cert,<workspace_root>\output\week6\checkpoints\heco_encoder__tau0.7__seed45.pt,True
2026-04-30T13:33:56.173460+00:00,T2_ON,source_only,45,325,58,259,66,24,0.9890963779922295,0.9471153846153846,,,0.5416666666666666,0.35135135135135137,0.5416666666666666,,,0.3055731655913405,1,False,mean_pred_illegal,mean_pred_illegal_lower_is_better,lower_is_better,0.3055731655913405,0.21276132762432098,,,60,0.9471153846153846,best_source_val,1,85,False,E5_structure_vs_lexical,8.012352466583252,E5_structure_vs_lexical,C8_no_registrar_edge,full,remove_registered_via,<workspace_root>\output\week6\checkpoints\heco_encoder__tau0.7__seed45.pt,True
2026-04-30T13:34:04.757957+00:00,T2_ON,source_only,45,325,58,259,66,24,0.9922296027071063,0.9500000000000001,,,0.7083333333333334,0.4146341463414634,0.7083333333333334,,,0.2889662125768761,1,False,mean_pred_illegal,mean_pred_illegal_lower_is_better,lower_is_better,0.2889662125768761,0.48046356439590454,,,62,0.9500000000000001,best_source_val,1,87,False,E5_structure_vs_lexical,8.12816333770752,E5_structure_vs_lexical,C9_infra_edges_only,full,infra_only,<workspace_root>\output\week6\checkpoints\heco_encoder__tau0.7__seed45.pt,True
2026-04-30T13:34:24.045454+00:00,T2_ON,source_only,46,325,58,263,62,24,0.9998179611650486,0.9912280701754386,,,0.5416666666666666,0.35135135135135137,0.5416666666666666,,,0.21547108370267173,1,False,mean_pred_illegal,mean_pred_illegal_lower_is_better,lower_is_better,0.21547108370267173,0.0867193266749382,,,168,0.9912280701754386,best_source_val,1,193,False,E5_structure_vs_lexical,18.592283964157104,E5_structure_vs_lexical,C1_full,full,full,<workspace_root>\output\week6\checkpoints\heco_encoder__tau0.7__seed46.pt,True
2026-04-30T13:34:38.500877+00:00,T2_ON,source_only,46,325,58,263,62,24,0.9945995145631068,0.9561403508771931,,,0.9583333333333334,0.48936170212765956,0.9583333333333334,,,0.292739134747535,1,False,mean_pred_illegal,mean_pred_illegal_lower_is_better,lower_is_better,0.292739134747535,0.7084919810295105,,,117,0.9561403508771931,best_source_val,1,142,False,E5_structure_vs_lexical,13.855304479598999,E5_structure_vs_lexical,C2_no_cctld,no_cctld,full,<workspace_root>\output\week6\checkpoints\heco_encoder__tau0.7__seed46.pt,True
2026-04-30T13:34:53.037940+00:00,T2_ON,source_only,46,325,58,263,62,24,0.9558555825242718,0.924342105263158,,,0.5833333333333334,0.3684210526315789,0.5833333333333334,,,0.46629748260602355,1,False,mean_pred_illegal,mean_pred_illegal_lower_is_better,lower_is_better,0.46629748260602355,0.6546653509140015,,,119,0.924342105263158,best_source_val,1,144,False,E5_structure_vs_lexical,13.860108852386475,E5_structure_vs_lexical,C3_no_website_lexical,zero_website_lexical,full,<workspace_root>\output\week6\checkpoints\heco_encoder__tau0.7__seed46.pt,True
2026-04-30T13:35:06.979775+00:00,T2_ON,source_only,46,325,58,263,62,24,0.9558555825242718,0.924342105263158,,,0.5833333333333334,0.3684210526315789,0.5833333333333334,,,0.46629748260602355,1,False,mean_pred_illegal,mean_pred_illegal_lower_is_better,lower_is_better,0.46629748260602355,0.6546653509140015,,,119,0.924342105263158,best_source_val,1,144,False,E5_structure_vs_lexical,13.344846963882446,E5_structure_vs_lexical,C4_graph_only,zero_website_all,full,<workspace_root>\output\week6\checkpoints\heco_encoder__tau0.7__seed46.pt,True
2026-04-30T13:35:17.259378+00:00,T2_ON,source_only,46,325,58,263,62,24,0.9357402912621359,0.9418859649122808,,,0.5416666666666666,0.35135135135135137,0.5416666666666666,,,0.3206960444028179,1,False,mean_pred_illegal,mean_pred_illegal_lower_is_better,lower_is_better,0.3206960444028179,0.12089177221059799,,,89,0.9418859649122808,best_source_val,1,114,False,E5_structure_vs_lexical,9.674735307693481,E5_structure_vs_lexical,C5_lex_only,website_lexical_only,empty_all,<workspace_root>\output\week6\checkpoints\heco_encoder__tau0.7__seed46.pt,True
2026-04-30T13:35:27.037439+00:00,T2_ON,source_only,46,325,58,263,62,24,0.9357402912621359,0.9418859649122808,,,0.5416666666666666,0.35135135135135137,0.5416666666666666,,,0.3206960444028179,1,False,mean_pred_illegal,mean_pred_illegal_lower_is_better,lower_is_better,0.3206960444028179,0.12089177221059799,,,89,0.9418859649122808,best_source_val,1,114,False,E5_structure_vs_lexical,9.243052244186401,E5_structure_vs_lexical,C6_no_edges,full,empty_all,<workspace_root>\output\week6\checkpoints\heco_encoder__tau0.7__seed46.pt,True
2026-04-30T13:35:44.217243+00:00,T2_ON,source_only,46,325,58,263,62,24,0.9981189320388348,0.9780701754385965,,,0.5,0.3333333333333333,0.5,,,0.24931913018614674,1,False,mean_pred_illegal,mean_pred_illegal_lower_is_better,lower_is_better,0.24931913018614674,0.03628993406891823,,,158,0.9780701754385965,best_source_val,1,183,False,E5_structure_vs_lexical,16.66294002532959,E5_structure_vs_lexical,C7_no_cert_edge,full,remove_uses_cert,<workspace_root>\output\week6\checkpoints\heco_encoder__tau0.7__seed46.pt,True
2026-04-30T13:35:57.377077+00:00,T2_ON,source_only,46,325,58,263,62,24,0.9956917475728154,0.9791666666666666,,,0.7083333333333334,0.4146341463414634,0.7083333333333334,,,0.2671345520648174,1,False,mean_pred_illegal,mean_pred_illegal_lower_is_better,lower_is_better,0.2671345520648174,0.3592333495616913,,,112,0.9791666666666666,best_source_val,1,137,False,E5_structure_vs_lexical,12.524441242218018,E5_structure_vs_lexical,C8_no_registrar_edge,full,remove_registered_via,<workspace_root>\output\week6\checkpoints\heco_encoder__tau0.7__seed46.pt,True
2026-04-30T13:36:15.940601+00:00,T2_ON,source_only,46,325,58,263,62,24,0.9998179611650486,0.9912280701754386,,,0.5416666666666666,0.35135135135135137,0.5416666666666666,,,0.21547108370267173,1,False,mean_pred_illegal,mean_pred_illegal_lower_is_better,lower_is_better,0.21547108370267173,0.0867193266749382,,,168,0.9912280701754386,best_source_val,1,193,False,E5_structure_vs_lexical,18.00280523300171,E5_structure_vs_lexical,C9_infra_edges_only,full,infra_only,<workspace_root>\output\week6\checkpoints\heco_encoder__tau0.7__seed46.pt,True
2026-04-30T13:36:37.284997+00:00,T3_DiagnoseFrance,source_only,42,73,72,58,15,29,1.0,0.875,1.0,0.9999999999999999,0.8421052631578947,0.7908653846153846,1.0,0.6842105263157895,0.6842105263157895,0.6442873603877364,2,True,roc_auc,roc_auc,higher_is_better,1.0,0.9984349608421326,,,200,0.875,best_source_val,1,200,False,E5_structure_vs_lexical,20.862856149673462,E5_structure_vs_lexical,C1_full,full,full,<workspace_root>\output\week5\checkpoints\heco_encoder__tau0.7__seed42.pt,True
2026-04-30T13:36:58.085308+00:00,T3_DiagnoseFrance,source_only,42,73,72,58,15,29,1.0,0.875,0.9421052631578948,0.9722475525197433,0.8421052631578947,0.7908653846153846,1.0,0.6842105263157895,0.6842105263157895,0.7582051331646026,2,True,roc_auc,roc_auc,higher_is_better,0.9421052631578948,0.9994094371795654,,,200,0.875,best_source_val,1,200,False,E5_structure_vs_lexical,20.371689319610596,E5_structure_vs_lexical,C2_no_cctld,no_cctld,full,<workspace_root>\output\week5\checkpoints\heco_encoder__tau0.7__seed42.pt,True
2026-04-30T13:37:03.114487+00:00,T3_DiagnoseFrance,source_only,42,73,72,58,15,29,0.9593787335722819,1.0,0.6157894736842104,0.8260339252134075,0.47368421052631576,0.3829787234042553,0.0,0.9473684210526315,0.9473684210526315,0.46580340430654327,2,True,roc_auc,roc_auc,higher_is_better,0.6157894736842104,0.46366873383522034,,,4,1.0,best_source_val,1,50,False,E5_structure_vs_lexical,4.615551471710205,E5_structure_vs_lexical,C3_no_website_lexical,zero_website_lexical,full,<workspace_root>\output\week5\checkpoints\heco_encoder__tau0.7__seed42.pt,True
2026-04-30T13:37:08.281424+00:00,T3_DiagnoseFrance,source_only,42,73,72,58,15,29,0.9593787335722819,1.0,0.6157894736842104,0.8260339252134075,0.47368421052631576,0.3829787234042553,0.0,0.9473684210526315,0.9473684210526315,0.46580340430654327,2,True,roc_auc,roc_auc,higher_is_better,0.6157894736842104,0.46366873383522034,,,4,1.0,best_source_val,1,50,False,E5_structure_vs_lexical,4.6645660400390625,E5_structure_vs_lexical,C4_graph_only,zero_website_all,full,<workspace_root>\output\week5\checkpoints\heco_encoder__tau0.7__seed42.pt,True
2026-04-30T13:37:13.231747+00:00,T3_DiagnoseFrance,source_only,42,73,72,58,15,29,0.9928315412186379,0.9107142857142857,0.9578947368421054,0.9749713352206424,0.763157894736842,0.6896551724137931,1.0,0.5263157894736842,0.5263157894736842,0.44117318350693274,2,True,roc_auc,roc_auc,higher_is_better,0.9578947368421054,0.4428403079509735,,,6,0.9107142857142857,best_source_val,1,50,False,E5_structure_vs_lexical,4.504310846328735,E5_structure_vs_lexical,C5_lex_only,website_lexical_only,empty_all,<workspace_root>\output\week5\checkpoints\heco_encoder__tau0.7__seed42.pt,True
2026-04-30T13:37:17.700055+00:00,T3_DiagnoseFrance,source_only,42,73,72,58,15,29,0.9928315412186379,0.9107142857142857,0.9578947368421054,0.9749713352206424,0.763157894736842,0.6896551724137931,1.0,0.5263157894736842,0.5263157894736842,0.44117318350693274,2,True,roc_auc,roc_auc,higher_is_better,0.9578947368421054,0.4428403079509735,,,6,0.9107142857142857,best_source_val,1,50,False,E5_structure_vs_lexical,3.9425106048583984,E5_structure_vs_lexical,C6_no_edges,full,empty_all,<workspace_root>\output\week5\checkpoints\heco_encoder__tau0.7__seed42.pt,True
2026-04-30T13:37:23.191851+00:00,T3_DiagnoseFrance,source_only,42,73,72,58,15,29,0.9426523297491038,0.9285714285714286,0.8315789473684211,0.9172828389933652,0.8447368421052632,0.8198757763975155,0.9,0.7894736842105263,0.7894736842105263,0.4809146297389063,2,True,roc_auc,roc_auc,higher_is_better,0.8315789473684211,0.48079007863998413,,,1,0.9285714285714286,best_source_val,1,50,False,E5_structure_vs_lexical,4.967205762863159,E5_structure_vs_lexical,C7_no_cert_edge,full,remove_uses_cert,<workspace_root>\output\week5\checkpoints\heco_encoder__tau0.7__seed42.pt,True
2026-04-30T13:37:28.337877+00:00,T3_DiagnoseFrance,source_only,42,73,72,58,15,29,0.955794504181601,0.8928571428571428,0.7052631578947368,0.8602877295867779,0.7157894736842105,0.6836363636363636,0.8,0.631578947368421,0.631578947368421,0.4718702168300234,2,True,roc_auc,roc_auc,higher_is_better,0.7052631578947368,0.4716941714286804,,,2,0.8928571428571428,best_source_val,1,50,False,E5_structure_vs_lexical,4.541102170944214,E5_structure_vs_lexical,C8_no_registrar_edge,full,remove_registered_via,<workspace_root>\output\week5\checkpoints\heco_encoder__tau0.7__seed42.pt,True
2026-04-30T13:37:49.672416+00:00,T3_DiagnoseFrance,source_only,42,73,72,58,15,29,1.0,0.875,1.0,0.9999999999999999,0.8421052631578947,0.7908653846153846,1.0,0.6842105263157895,0.6842105263157895,0.6442873603877364,2,True,roc_auc,roc_auc,higher_is_better,1.0,0.9984349608421326,,,200,0.875,best_source_val,1,200,False,E5_structure_vs_lexical,20.703489065170288,E5_structure_vs_lexical,C9_infra_edges_only,full,infra_only,<workspace_root>\output\week5\checkpoints\heco_encoder__tau0.7__seed42.pt,True
2026-04-30T13:38:10.358268+00:00,T3_DiagnoseFrance,source_only,43,73,72,58,15,30,1.0,1.0,0.985,0.9924874686716791,0.9,0.8611111111111112,1.0,0.8,0.8,0.7575234928742163,2,True,roc_auc,roc_auc,higher_is_better,0.985,0.9999996423721313,,,200,1.0,best_source_val,1,200,False,E5_structure_vs_lexical,20.250834226608276,E5_structure_vs_lexical,C1_full,full,full,<workspace_root>\output\week6\checkpoints\heco_encoder__tau0.7__seed43.pt,True
2026-04-30T13:38:32.229122+00:00,T3_DiagnoseFrance,source_only,43,73,72,58,15,30,1.0,1.0,0.8724999999999999,0.9256472952428834,0.8,0.8074454428754814,0.7,0.9,0.9,0.7451967811829263,2,True,roc_auc,roc_auc,higher_is_better,0.8724999999999999,0.9954903721809387,,,200,1.0,best_source_val,1,200,False,E5_structure_vs_lexical,21.393447637557983,E5_structure_vs_lexical,C2_no_cctld,no_cctld,full,<workspace_root>\output\week6\checkpoints\heco_encoder__tau0.7__seed43.pt,True
2026-04-30T13:38:53.726191+00:00,T3_DiagnoseFrance,source_only,43,73,72,58,15,30,1.0,0.9821428571428571,0.6825,0.7689031114160424,0.55,0.4990723562152134,0.1,1.0,1.0,0.8338690903935154,2,True,roc_auc,roc_auc,higher_is_better,0.6825,0.016288237646222115,,,200,0.9821428571428571,best_source_val,1,200,False,E5_structure_vs_lexical,20.8224458694458,E5_structure_vs_lexical,C3_no_website_lexical,zero_website_lexical,full,<workspace_root>\output\week6\checkpoints\heco_encoder__tau0.7__seed43.pt,True
2026-04-30T13:39:15.461229+00:00,T3_DiagnoseFrance,source_only,43,73,72,58,15,30,1.0,0.9821428571428571,0.6825,0.7689031114160424,0.55,0.4990723562152134,0.1,1.0,1.0,0.8338690903935154,2,True,roc_auc,roc_auc,higher_is_better,0.6825,0.016288237646222115,,,200,0.9821428571428571,best_source_val,1,200,False,E5_structure_vs_lexical,21.26522183418274,E5_structure_vs_lexical,C4_graph_only,zero_website_all,full,<workspace_root>\output\week6\checkpoints\heco_encoder__tau0.7__seed43.pt,True
2026-04-30T13:39:34.798650+00:00,T3_DiagnoseFrance,source_only,43,73,72,58,15,30,0.9928315412186379,1.0,0.93,0.9726289989680081,0.8,0.7321428571428572,1.0,0.6,0.6,0.647192928759614,2,True,roc_auc,roc_auc,higher_is_better,0.93,0.9999904632568359,,,200,1.0,best_source_val,1,200,False,E5_structure_vs_lexical,18.851369380950928,E5_structure_vs_lexical,C5_lex_only,website_lexical_only,empty_all,<workspace_root>\output\week6\checkpoints\heco_encoder__tau0.7__seed43.pt,True
2026-04-30T13:39:55.223682+00:00,T3_DiagnoseFrance,source_only,43,73,72,58,15,30,0.9928315412186379,1.0,0.93,0.9726289989680081,0.8,0.7321428571428572,1.0,0.6,0.6,0.647192928759614,2,True,roc_auc,roc_auc,higher_is_better,0.93,0.9999904632568359,,,200,1.0,best_source_val,1,200,False,E5_structure_vs_lexical,19.926702976226807,E5_structure_vs_lexical,C6_no_edges,full,empty_all,<workspace_root>\output\week6\checkpoints\heco_encoder__tau0.7__seed43.pt,True
2026-04-30T13:40:16.033768+00:00,T3_DiagnoseFrance,source_only,43,73,72,58,15,30,1.0,1.0,0.88,0.9563923395445135,0.875,0.8285714285714285,1.0,0.75,0.75,0.5869949544329788,2,True,roc_auc,roc_auc,higher_is_better,0.88,0.9990957975387573,,,200,1.0,best_source_val,1,200,False,E5_structure_vs_lexical,20.377992868423462,E5_structure_vs_lexical,C7_no_cert_edge,full,remove_uses_cert,<workspace_root>\output\week6\checkpoints\heco_encoder__tau0.7__seed43.pt,True
2026-04-30T13:40:36.891104+00:00,T3_DiagnoseFrance,source_only,43,73,72,58,15,30,1.0,1.0,0.945,0.9793511796733212,0.825,0.7643097643097643,1.0,0.65,0.65,0.6665214684077639,2,True,roc_auc,roc_auc,higher_is_better,0.945,1.0,,,200,1.0,best_source_val,1,200,False,E5_structure_vs_lexical,20.11795926094055,E5_structure_vs_lexical,C8_no_registrar_edge,full,remove_registered_via,<workspace_root>\output\week6\checkpoints\heco_encoder__tau0.7__seed43.pt,True
2026-04-30T13:40:58.466346+00:00,T3_DiagnoseFrance,source_only,43,73,72,58,15,30,1.0,1.0,0.985,0.9924874686716791,0.9,0.8611111111111112,1.0,0.8,0.8,0.7575234928742163,2,True,roc_auc,roc_auc,higher_is_better,0.985,0.9999996423721313,,,200,1.0,best_source_val,1,200,False,E5_structure_vs_lexical,20.862523794174194,E5_structure_vs_lexical,C9_infra_edges_only,full,infra_only,<workspace_root>\output\week6\checkpoints\heco_encoder__tau0.7__seed43.pt,True
2026-04-30T13:41:19.725711+00:00,T3_DiagnoseFrance,source_only,44,73,72,58,15,30,1.0,1.0,0.995,0.9976190476190476,0.9,0.8611111111111112,1.0,0.8,0.8,0.633971331421755,2,True,roc_auc,roc_auc,higher_is_better,0.995,0.9999995231628418,,,200,1.0,best_source_val,1,200,False,E5_structure_vs_lexical,20.73801016807556,E5_structure_vs_lexical,C1_full,full,full,<workspace_root>\output\week6\checkpoints\heco_encoder__tau0.7__seed44.pt,True
2026-04-30T13:41:40.488111+00:00,T3_DiagnoseFrance,source_only,44,73,72,58,15,30,1.0,1.0,0.955,0.9816433566433567,0.85,0.7963800904977376,1.0,0.7,0.7,0.5746116042700246,2,True,roc_auc,roc_auc,higher_is_better,0.955,0.9999847412109375,,,200,1.0,best_source_val,1,200,False,E5_structure_vs_lexical,20.338186264038086,E5_structure_vs_lexical,C2_no_cctld,no_cctld,full,<workspace_root>\output\week6\checkpoints\heco_encoder__tau0.7__seed44.pt,True
2026-04-30T13:42:01.805658+00:00,T3_DiagnoseFrance,source_only,44,73,72,58,15,30,1.0,1.0,0.7875,0.901585063085063,0.7250000000000001,0.6651785714285714,0.9,0.55,0.55,0.8507834683909702,2,True,roc_auc,roc_auc,higher_is_better,0.7875,0.9999302625656128,,,200,1.0,best_source_val,1,200,False,E5_structure_vs_lexical,20.801684617996216,E5_structure_vs_lexical,C3_no_website_lexical,zero_website_lexical,full,<workspace_root>\output\week6\checkpoints\heco_encoder__tau0.7__seed44.pt,True
2026-04-30T13:42:22.730011+00:00,T3_DiagnoseFrance,source_only,44,73,72,58,15,30,1.0,1.0,0.7875,0.901585063085063,0.7250000000000001,0.6651785714285714,0.9,0.55,0.55,0.8507834683909702,2,True,roc_auc,roc_auc,higher_is_better,0.7875,0.9999302625656128,,,200,1.0,best_source_val,1,200,False,E5_structure_vs_lexical,20.435747385025024,E5_structure_vs_lexical,C4_graph_only,zero_website_all,full,<workspace_root>\output\week6\checkpoints\heco_encoder__tau0.7__seed44.pt,True
2026-04-30T13:42:40.724788+00:00,T3_DiagnoseFrance,source_only,44,73,72,58,15,30,0.9934289127837514,1.0,0.9450000000000001,0.9776645768025078,0.875,0.8285714285714285,1.0,0.75,0.75,0.5947398828383484,2,True,roc_auc,roc_auc,higher_is_better,0.9450000000000001,0.9997130036354065,,,200,1.0,best_source_val,1,200,False,E5_structure_vs_lexical,17.47829580307007,E5_structure_vs_lexical,C5_lex_only,website_lexical_only,empty_all,<workspace_root>\output\week6\checkpoints\heco_encoder__tau0.7__seed44.pt,True
2026-04-30T13:42:58.266683+00:00,T3_DiagnoseFrance,source_only,44,73,72,58,15,30,0.9934289127837514,1.0,0.9450000000000001,0.9776645768025078,0.875,0.8285714285714285,1.0,0.75,0.75,0.5947398828383484,2,True,roc_auc,roc_auc,higher_is_better,0.9450000000000001,0.9997130036354065,,,200,1.0,best_source_val,1,200,False,E5_structure_vs_lexical,17.053889513015747,E5_structure_vs_lexical,C6_no_edges,full,empty_all,<workspace_root>\output\week6\checkpoints\heco_encoder__tau0.7__seed44.pt,True
2026-04-30T13:43:17.564727+00:00,T3_DiagnoseFrance,source_only,44,73,72,58,15,30,1.0,1.0,0.97,0.9860847771602921,0.9,0.8611111111111112,1.0,0.8,0.8,0.5929652814185129,2,True,roc_auc,roc_auc,higher_is_better,0.97,0.9969899654388428,,,200,1.0,best_source_val,1,200,False,E5_structure_vs_lexical,18.770367860794067,E5_structure_vs_lexical,C7_no_cert_edge,full,remove_uses_cert,<workspace_root>\output\week6\checkpoints\heco_encoder__tau0.7__seed44.pt,True
2026-04-30T13:43:36.882343+00:00,T3_DiagnoseFrance,source_only,44,73,72,58,15,30,1.0,1.0,0.955,0.9844827586206897,0.85,0.7963800904977376,1.0,0.7,0.7,0.6064046366593169,2,True,roc_auc,roc_auc,higher_is_better,0.955,0.9999984502792358,,,200,1.0,best_source_val,1,200,False,E5_structure_vs_lexical,18.881763458251953,E5_structure_vs_lexical,C8_no_registrar_edge,full,remove_registered_via,<workspace_root>\output\week6\checkpoints\heco_encoder__tau0.7__seed44.pt,True
2026-04-30T13:43:57.311168+00:00,T3_DiagnoseFrance,source_only,44,73,72,58,15,30,1.0,1.0,0.995,0.9976190476190476,0.9,0.8611111111111112,1.0,0.8,0.8,0.633971331421755,2,True,roc_auc,roc_auc,higher_is_better,0.995,0.9999995231628418,,,200,1.0,best_source_val,1,200,False,E5_structure_vs_lexical,19.744504690170288,E5_structure_vs_lexical,C9_infra_edges_only,full,infra_only,<workspace_root>\output\week6\checkpoints\heco_encoder__tau0.7__seed44.pt,True
2026-04-30T13:44:18.100981+00:00,T3_DiagnoseFrance,source_only,45,73,72,58,15,27,1.0,1.0,0.9506172839506173,0.9802631578947368,0.8888888888888888,0.8465909090909092,1.0,0.7777777777777778,0.7777777777777778,0.5926142658800507,2,True,roc_auc,roc_auc,higher_is_better,0.9506172839506173,1.0,,,200,1.0,best_source_val,1,200,False,E5_structure_vs_lexical,20.31120014190674,E5_structure_vs_lexical,C1_full,full,full,<workspace_root>\output\week6\checkpoints\heco_encoder__tau0.7__seed45.pt,True
2026-04-30T13:44:38.933122+00:00,T3_DiagnoseFrance,source_only,45,73,72,58,15,27,1.0,1.0,0.8333333333333333,0.9368562821194399,0.75,0.6666666666666666,1.0,0.5,0.5,0.4653628090933098,2,True,roc_auc,roc_auc,higher_is_better,0.8333333333333333,0.9999998807907104,,,200,1.0,best_source_val,1,200,False,E5_structure_vs_lexical,20.392905712127686,E5_structure_vs_lexical,C2_no_cctld,no_cctld,full,<workspace_root>\output\week6\checkpoints\heco_encoder__tau0.7__seed45.pt,True
2026-04-30T13:45:00.872435+00:00,T3_DiagnoseFrance,source_only,45,73,72,58,15,27,1.0,1.0,0.6913580246913581,0.8164737604049198,0.6388888888888888,0.5903448275862069,0.7777777777777778,0.5,0.5,0.8747185948822234,2,True,roc_auc,roc_auc,higher_is_better,0.6913580246913581,0.9999996423721313,,,200,1.0,best_source_val,1,200,False,E5_structure_vs_lexical,21.455590963363647,E5_structure_vs_lexical,C3_no_website_lexical,zero_website_lexical,full,<workspace_root>\output\week6\checkpoints\heco_encoder__tau0.7__seed45.pt,True
2026-04-30T13:45:23.122878+00:00,T3_DiagnoseFrance,source_only,45,73,72,58,15,27,1.0,1.0,0.6913580246913581,0.8164737604049198,0.6388888888888888,0.5903448275862069,0.7777777777777778,0.5,0.5,0.8747185948822234,2,True,roc_auc,roc_auc,higher_is_better,0.6913580246913581,0.9999996423721313,,,200,1.0,best_source_val,1,200,False,E5_structure_vs_lexical,21.680586338043213,E5_structure_vs_lexical,C4_graph_only,zero_website_all,full,<workspace_root>\output\week6\checkpoints\heco_encoder__tau0.7__seed45.pt,True
2026-04-30T13:45:42.090448+00:00,T3_DiagnoseFrance,source_only,45,73,72,58,15,27,0.9934289127837514,1.0,0.9320987654320987,0.9723239723239723,0.9444444444444444,0.9205882352941177,1.0,0.8888888888888888,0.8888888888888888,0.609950567525798,2,True,roc_auc,roc_auc,higher_is_better,0.9320987654320987,0.9999986886978149,,,200,1.0,best_source_val,1,200,False,E5_structure_vs_lexical,18.477675676345825,E5_structure_vs_lexical,C5_lex_only,website_lexical_only,empty_all,<workspace_root>\output\week6\checkpoints\heco_encoder__tau0.7__seed45.pt,True
2026-04-30T13:46:01.236899+00:00,T3_DiagnoseFrance,source_only,45,73,72,58,15,27,0.9934289127837514,1.0,0.9320987654320987,0.9723239723239723,0.9444444444444444,0.9205882352941177,1.0,0.8888888888888888,0.8888888888888888,0.609950567525798,2,True,roc_auc,roc_auc,higher_is_better,0.9320987654320987,0.9999986886978149,,,200,1.0,best_source_val,1,200,False,E5_structure_vs_lexical,18.77957844734192,E5_structure_vs_lexical,C6_no_edges,full,empty_all,<workspace_root>\output\week6\checkpoints\heco_encoder__tau0.7__seed45.pt,True
2026-04-30T13:46:22.266446+00:00,T3_DiagnoseFrance,source_only,45,73,72,58,15,27,1.0,1.0,0.9506172839506173,0.9793169793169794,0.9444444444444444,0.9205882352941177,1.0,0.8888888888888888,0.8888888888888888,0.5963755704918983,2,True,roc_auc,roc_auc,higher_is_better,0.9506172839506173,1.0,,,200,1.0,best_source_val,1,200,False,E5_structure_vs_lexical,20.560489177703857,E5_structure_vs_lexical,C7_no_cert_edge,full,remove_uses_cert,<workspace_root>\output\week6\checkpoints\heco_encoder__tau0.7__seed45.pt,True
2026-04-30T13:46:44.753676+00:00,T3_DiagnoseFrance,source_only,45,73,72,58,15,27,1.0,1.0,1.0,1.0,0.9166666666666667,0.8831168831168831,1.0,0.8333333333333334,0.8333333333333334,0.6076747055215347,2,True,roc_auc,roc_auc,higher_is_better,1.0,1.0,,,200,1.0,best_source_val,1,200,False,E5_structure_vs_lexical,21.94339871406555,E5_structure_vs_lexical,C8_no_registrar_edge,full,remove_registered_via,<workspace_root>\output\week6\checkpoints\heco_encoder__tau0.7__seed45.pt,True
2026-04-30T13:47:04.205950+00:00,T3_DiagnoseFrance,source_only,45,73,72,58,15,27,1.0,1.0,0.9506172839506173,0.9802631578947368,0.8888888888888888,0.8465909090909092,1.0,0.7777777777777778,0.7777777777777778,0.5926142658800507,2,True,roc_auc,roc_auc,higher_is_better,0.9506172839506173,1.0,,,200,1.0,best_source_val,1,200,False,E5_structure_vs_lexical,18.96210289001465,E5_structure_vs_lexical,C9_infra_edges_only,full,infra_only,<workspace_root>\output\week6\checkpoints\heco_encoder__tau0.7__seed45.pt,True
2026-04-30T13:47:24.117316+00:00,T3_DiagnoseFrance,source_only,46,73,72,58,15,30,1.0,1.0,1.0,1.0,0.925,0.8942420681551116,1.0,0.85,0.85,0.6991897901484383,2,True,roc_auc,roc_auc,higher_is_better,1.0,0.9999539852142334,,,200,1.0,best_source_val,1,200,False,E5_structure_vs_lexical,19.39625072479248,E5_structure_vs_lexical,C1_full,full,full,<workspace_root>\output\week6\checkpoints\heco_encoder__tau0.7__seed46.pt,True
2026-04-30T13:47:41.340257+00:00,T3_DiagnoseFrance,source_only,46,73,72,58,15,30,1.0,1.0,0.9199999999999999,0.9666865038413026,0.8500000000000001,0.8237367802585194,0.9,0.8,0.8,0.5877768088493792,2,True,roc_auc,roc_auc,higher_is_better,0.9199999999999999,0.76192307472229,,,156,1.0,best_source_val,1,181,False,E5_structure_vs_lexical,16.82837224006653,E5_structure_vs_lexical,C2_no_cctld,no_cctld,full,<workspace_root>\output\week6\checkpoints\heco_encoder__tau0.7__seed46.pt,True
2026-04-30T13:48:02.084501+00:00,T3_DiagnoseFrance,source_only,46,73,72,58,15,30,1.0,1.0,0.79,0.8489050861419283,0.75,0.7619047619047619,0.6,0.9,0.9,0.7798702465792303,2,True,roc_auc,roc_auc,higher_is_better,0.79,0.9519886374473572,,,200,1.0,best_source_val,1,200,False,E5_structure_vs_lexical,20.17627716064453,E5_structure_vs_lexical,C3_no_website_lexical,zero_website_lexical,full,<workspace_root>\output\week6\checkpoints\heco_encoder__tau0.7__seed46.pt,True
2026-04-30T13:48:21.975239+00:00,T3_DiagnoseFrance,source_only,46,73,72,58,15,30,1.0,1.0,0.79,0.8489050861419283,0.75,0.7619047619047619,0.6,0.9,0.9,0.7798702465792303,2,True,roc_auc,roc_auc,higher_is_better,0.79,0.9519886374473572,,,200,1.0,best_source_val,1,200,False,E5_structure_vs_lexical,19.457211017608643,E5_structure_vs_lexical,C4_graph_only,zero_website_all,full,<workspace_root>\output\week6\checkpoints\heco_encoder__tau0.7__seed46.pt,True
2026-04-30T13:48:39.981966+00:00,T3_DiagnoseFrance,source_only,46,73,72,58,15,30,0.992831541218638,1.0,1.0,1.0,0.9,0.8611111111111112,1.0,0.8,0.8,0.6041782956807462,2,True,roc_auc,roc_auc,higher_is_better,1.0,0.9987589120864868,,,200,1.0,best_source_val,1,200,False,E5_structure_vs_lexical,17.506001234054565,E5_structure_vs_lexical,C5_lex_only,website_lexical_only,empty_all,<workspace_root>\output\week6\checkpoints\heco_encoder__tau0.7__seed46.pt,True
2026-04-30T13:48:58.381613+00:00,T3_DiagnoseFrance,source_only,46,73,72,58,15,30,0.992831541218638,1.0,1.0,1.0,0.9,0.8611111111111112,1.0,0.8,0.8,0.6041782956807462,2,True,roc_auc,roc_auc,higher_is_better,1.0,0.9987589120864868,,,200,1.0,best_source_val,1,200,False,E5_structure_vs_lexical,18.00458073616028,E5_structure_vs_lexical,C6_no_edges,full,empty_all,<workspace_root>\output\week6\checkpoints\heco_encoder__tau0.7__seed46.pt,True
2026-04-30T13:49:18.952519+00:00,T3_DiagnoseFrance,source_only,46,73,72,58,15,30,1.0,1.0,0.9450000000000001,0.978341384863124,0.95,0.9282296650717703,1.0,0.9,0.9,0.5974169040432209,2,True,roc_auc,roc_auc,higher_is_better,0.9450000000000001,0.5884938836097717,,,197,1.0,best_source_val,1,200,False,E5_structure_vs_lexical,20.073492527008057,E5_structure_vs_lexical,C7_no_cert_edge,full,remove_uses_cert,<workspace_root>\output\week6\checkpoints\heco_encoder__tau0.7__seed46.pt,True
2026-04-30T13:49:40.016052+00:00,T3_DiagnoseFrance,source_only,46,73,72,58,15,30,1.0,1.0,1.0,1.0,0.9,0.8611111111111112,1.0,0.8,0.8,0.6649261471174273,2,True,roc_auc,roc_auc,higher_is_better,1.0,0.9994254112243652,,,200,1.0,best_source_val,1,200,False,E5_structure_vs_lexical,20.412748098373413,E5_structure_vs_lexical,C8_no_registrar_edge,full,remove_registered_via,<workspace_root>\output\week6\checkpoints\heco_encoder__tau0.7__seed46.pt,True
2026-04-30T13:50:01.711461+00:00,T3_DiagnoseFrance,source_only,46,73,72,58,15,30,1.0,1.0,1.0,1.0,0.925,0.8942420681551116,1.0,0.85,0.85,0.6991897901484383,2,True,roc_auc,roc_auc,higher_is_better,1.0,0.9999539852142334,,,200,1.0,best_source_val,1,200,False,E5_structure_vs_lexical,21.153839588165283,E5_structure_vs_lexical,C9_infra_edges_only,full,infra_only,<workspace_root>\output\week6\checkpoints\heco_encoder__tau0.7__seed46.pt,True
