source_file,family_id,seed,method,alpha,binary_weight,shuffle_family_labels,score_mode,auc_as_reported,positive_score_mean,negative_score_mean,score_gap_pos_minus_neg,heldout_positive_count,negative_count,scoring_matches_label_direction,auc_seen_family_direction,test_negatives_excluded_from_training,centroids_built_from_test_negative_families,is_posthoc
P1_family_metric_lofo,bcdot,42,A2_main,0.5,1.0,False,metric,0.375,0.9861048460006714,0.9884893894195556,-0.0023845434188842,4,4,False,0.625,False,True,True
P1_family_metric_lofo,bcdot,43,A2_main,0.5,1.0,False,metric,0.25,0.9521525502204896,0.9701495170593262,-0.0179969668388366,4,4,False,0.75,False,True,True
P1_family_metric_lofo,bcdot,44,A2_main,0.5,1.0,False,metric,0.0,0.8710728883743286,0.9607239961624146,-0.0896511077880859,4,4,False,1.0,False,True,True
P1_family_metric_lofo,bcdot,45,A2_main,0.5,1.0,False,metric,0.0,0.7280117869377136,0.9495567083358764,-0.2215449213981628,4,4,False,1.0,False,True,True
P1_family_metric_lofo,bcdot,46,A2_main,0.5,1.0,False,metric,0.0,0.740409255027771,0.951214611530304,-0.2108053565025329,4,4,False,1.0,False,True,True
P1_family_metric_lofo,bcgame,42,A2_main,0.5,1.0,False,metric,0.5,0.9874749183654784,0.9473696947097778,0.0401052236557006,2,2,False,0.5,False,True,True
P1_family_metric_lofo,bcgame,43,A2_main,0.5,1.0,False,metric,0.0,0.6880248785018921,0.9462860822677612,-0.2582612037658691,2,2,False,1.0,False,True,True
P1_family_metric_lofo,bcgame,44,A2_main,0.5,1.0,False,metric,0.25,0.857918918132782,0.9531050324440002,-0.0951861143112182,2,2,False,0.75,False,True,True
P1_family_metric_lofo,bcgame,45,A2_main,0.5,1.0,False,metric,0.5,0.7271196842193604,0.9609369039535522,-0.2338172197341919,2,2,False,0.5,False,True,True
P1_family_metric_lofo,bcgame,46,A2_main,0.5,1.0,False,metric,0.0,0.8220371007919312,0.9667382836341858,-0.1447011828422546,2,2,False,1.0,False,True,True
P1_family_metric_lofo,freshbet,42,A2_main,0.5,1.0,False,metric,0.25,0.8483622074127197,0.970067024230957,-0.1217048168182373,2,2,False,0.75,False,True,True
P1_family_metric_lofo,freshbet,43,A2_main,0.5,1.0,False,metric,0.25,0.7980420589447021,0.9343430995941162,-0.136301040649414,2,2,False,0.75,False,True,True
P1_family_metric_lofo,freshbet,44,A2_main,0.5,1.0,False,metric,0.0,0.5752432942390442,0.9685781598091124,-0.3933348655700683,2,2,False,1.0,False,True,True
P1_family_metric_lofo,freshbet,45,A2_main,0.5,1.0,False,metric,0.0,0.6713243722915649,0.958049178123474,-0.2867248058319092,2,2,False,1.0,False,True,True
P1_family_metric_lofo,freshbet,46,A2_main,0.5,1.0,False,metric,0.0,0.64363694190979,0.9588607549667358,-0.3152238130569458,2,2,False,1.0,False,True,True
P1_family_metric_lofo,ggbet,42,A2_main,0.5,1.0,False,metric,0.37,0.9693187475204468,0.982369065284729,-0.0130503177642822,10,10,False,0.63,False,True,True
P1_family_metric_lofo,ggbet,43,A2_main,0.5,1.0,False,metric,0.0,0.8437067270278931,0.971967875957489,-0.1282611489295959,10,10,False,1.0,False,True,True
P1_family_metric_lofo,ggbet,44,A2_main,0.5,1.0,False,metric,0.0,0.6862137913703918,0.9562582969665528,-0.2700445055961609,10,10,False,1.0,False,True,True
P1_family_metric_lofo,ggbet,45,A2_main,0.5,1.0,False,metric,0.0199999999999999,0.6417058110237122,0.973759949207306,-0.3320541381835937,10,10,False,0.9800000000000001,False,True,True
P1_family_metric_lofo,ggbet,46,A2_main,0.5,1.0,False,metric,0.0,0.6546549797058105,0.959559440612793,-0.3049044609069824,10,10,False,1.0,False,True,True
P1_family_metric_lofo,icecasino,42,A2_main,0.5,1.0,False,metric,0.4444444444444445,0.8365376591682434,0.9525518417358398,-0.1160141825675964,6,6,False,0.5555555555555556,False,True,True
P1_family_metric_lofo,icecasino,43,A2_main,0.5,1.0,False,metric,0.1111111111111111,0.766023576259613,0.9441230297088624,-0.1780994534492492,6,6,False,0.8888888888888888,False,True,True
P1_family_metric_lofo,icecasino,44,A2_main,0.5,1.0,False,metric,0.0833333333333333,0.8386072516441345,0.93414968252182,-0.0955424308776855,6,6,False,0.9166666666666667,False,True,True
P1_family_metric_lofo,icecasino,45,A2_main,0.5,1.0,False,metric,0.1944444444444444,0.8459529876708984,0.9675666689872742,-0.1216136813163757,6,6,False,0.8055555555555556,False,True,True
P1_family_metric_lofo,icecasino,46,A2_main,0.5,1.0,False,metric,0.0,0.7218515872955322,0.982296884059906,-0.2604452967643738,6,6,False,1.0,False,True,True
P1_family_metric_lofo,tsars,42,A2_main,0.5,1.0,False,metric,0.2222222222222222,0.9561785459518432,0.9710485935211182,-0.0148700475692749,9,9,False,0.7777777777777778,False,True,True
P1_family_metric_lofo,tsars,43,A2_main,0.5,1.0,False,metric,0.1481481481481481,0.814685583114624,0.9285560250282288,-0.1138704419136047,9,9,False,0.8518518518518519,False,True,True
P1_family_metric_lofo,tsars,44,A2_main,0.5,1.0,False,metric,0.0,0.7630311846733093,0.9636990427970886,-0.2006678581237793,9,9,False,1.0,False,True,True
P1_family_metric_lofo,tsars,45,A2_main,0.5,1.0,False,metric,0.0,0.6747146248817444,0.9413777589797974,-0.266663134098053,9,9,False,1.0,False,True,True
P1_family_metric_lofo,tsars,46,A2_main,0.5,1.0,False,metric,0.0,0.795136034488678,0.9625815153121948,-0.1674454808235168,9,9,False,1.0,False,True,True
P1_family_metric_lofo,verdecasino,42,A2_main,0.5,1.0,False,metric,0.1875,0.9696447849273682,0.981883943080902,-0.0122391581535339,4,4,False,0.8125,False,True,True
P1_family_metric_lofo,verdecasino,43,A2_main,0.5,1.0,False,metric,0.0,0.8346704244613647,0.9627378582954408,-0.1280674338340759,4,4,False,1.0,False,True,True
P1_family_metric_lofo,verdecasino,44,A2_main,0.5,1.0,False,metric,0.0,0.806123673915863,0.955461859703064,-0.1493381857872009,4,4,False,1.0,False,True,True
P1_family_metric_lofo,verdecasino,45,A2_main,0.5,1.0,False,metric,0.25,0.8186677098274231,0.8759978413581848,-0.0573301315307617,4,4,False,0.75,False,True,True
P1_family_metric_lofo,verdecasino,46,A2_main,0.5,1.0,False,metric,0.0,0.8433083891868591,0.9758288860321044,-0.1325204968452453,4,4,False,1.0,False,True,True
P1_alpha_ablation,ggbet,42,A1_only_binary,0.0,1.0,False,binary,0.55,0.8429277539253235,0.8095909357070923,0.0333368182182312,10,10,True,0.55,False,False,True
P1_alpha_ablation,ggbet,43,A1_only_binary,0.0,1.0,False,binary,0.79,0.9541627168655396,0.8668323755264282,0.0873303413391113,10,10,True,0.79,False,False,True
P1_alpha_ablation,ggbet,44,A1_only_binary,0.0,1.0,False,binary,0.59,0.8903589248657227,0.8713628649711609,0.0189960598945617,10,10,True,0.59,False,False,True
P1_alpha_ablation,ggbet,45,A1_only_binary,0.0,1.0,False,binary,0.62,0.8010004758834839,0.7545033693313599,0.046497106552124,10,10,True,0.62,False,False,True
P1_alpha_ablation,ggbet,46,A1_only_binary,0.0,1.0,False,binary,0.55,0.9104453921318054,0.824001133441925,0.0864442586898803,10,10,True,0.55,False,False,True
P1_alpha_ablation,ggbet,42,A2_main,0.5,1.0,False,metric,0.37,0.9693187475204468,0.982369065284729,-0.0130503177642822,10,10,False,0.63,False,True,True
P1_alpha_ablation,ggbet,43,A2_main,0.5,1.0,False,metric,0.0,0.8437067270278931,0.971967875957489,-0.1282611489295959,10,10,False,1.0,False,True,True
P1_alpha_ablation,ggbet,44,A2_main,0.5,1.0,False,metric,0.0,0.6862137913703918,0.9562582969665528,-0.2700445055961609,10,10,False,1.0,False,True,True
P1_alpha_ablation,ggbet,45,A2_main,0.5,1.0,False,metric,0.0199999999999999,0.6417058110237122,0.973759949207306,-0.3320541381835937,10,10,False,0.9800000000000001,False,True,True
P1_alpha_ablation,ggbet,46,A2_main,0.5,1.0,False,metric,0.0,0.6546549797058105,0.959559440612793,-0.3049044609069824,10,10,False,1.0,False,True,True
P1_alpha_ablation,ggbet,42,A3_only_supcon,1.0,0.0,False,metric,0.41,0.974514365196228,0.97942715883255,-0.004912793636322,10,10,False,0.5900000000000001,False,True,True
P1_alpha_ablation,ggbet,43,A3_only_supcon,1.0,0.0,False,metric,0.0,0.8807275891304016,0.9777534604072572,-0.0970258712768554,10,10,False,1.0,False,True,True
P1_alpha_ablation,ggbet,44,A3_only_supcon,1.0,0.0,False,metric,0.0,0.7061678767204285,0.9681369662284852,-0.2619690895080566,10,10,False,1.0,False,True,True
P1_alpha_ablation,ggbet,45,A3_only_supcon,1.0,0.0,False,metric,0.0,0.5552617311477661,0.9736621975898744,-0.4184004664421081,10,10,False,1.0,False,True,True
P1_alpha_ablation,ggbet,46,A3_only_supcon,1.0,0.0,False,metric,0.0,0.6774863004684448,0.9695662260055542,-0.2920799255371094,10,10,False,1.0,False,True,True
P1_alpha_ablation,ggbet,42,A4_shuffled_family,0.5,1.0,True,metric,0.66,0.9996458888053894,0.999264121055603,0.0003817677497863,10,10,False,0.33999999999999997,False,True,True
P1_alpha_ablation,ggbet,43,A4_shuffled_family,0.5,1.0,True,metric,0.0899999999999999,0.9551154375076294,0.9820818901062012,-0.0269664525985717,10,10,False,0.9100000000000001,False,True,True
P1_alpha_ablation,ggbet,44,A4_shuffled_family,0.5,1.0,True,metric,0.2,0.9550899267196656,0.9927929639816284,-0.0377030372619628,10,10,False,0.8,False,True,True
P1_alpha_ablation,ggbet,45,A4_shuffled_family,0.5,1.0,True,metric,0.1599999999999999,0.960895538330078,0.982633411884308,-0.0217378735542297,10,10,False,0.8400000000000001,False,True,True
P1_alpha_ablation,ggbet,46,A4_shuffled_family,0.5,1.0,True,metric,0.43,0.97665536403656,0.9807422757148744,-0.0040869116783142,10,10,False,0.5700000000000001,False,True,True
P1_alpha_ablation,tsars,42,A1_only_binary,0.0,1.0,False,binary,0.2222222222222222,0.718684196472168,0.8409051895141602,-0.1222209930419921,9,9,True,0.2222222222222222,False,False,True
P1_alpha_ablation,tsars,43,A1_only_binary,0.0,1.0,False,binary,0.419753086419753,0.8858504891395569,0.9141404032707214,-0.0282899141311645,9,9,True,0.419753086419753,False,False,True
P1_alpha_ablation,tsars,44,A1_only_binary,0.0,1.0,False,binary,0.4444444444444444,0.9186148047447203,0.8993685245513916,0.0192462801933288,9,9,True,0.4444444444444444,False,False,True
P1_alpha_ablation,tsars,45,A1_only_binary,0.0,1.0,False,binary,0.7407407407407409,0.8275031447410583,0.767603874206543,0.0598992705345153,9,9,True,0.7407407407407409,False,False,True
P1_alpha_ablation,tsars,46,A1_only_binary,0.0,1.0,False,binary,0.6049382716049383,0.9450081586837769,0.9410172700881958,0.003990888595581,9,9,True,0.6049382716049383,False,False,True
P1_alpha_ablation,tsars,42,A2_main,0.5,1.0,False,metric,0.2222222222222222,0.9561785459518432,0.9710485935211182,-0.0148700475692749,9,9,False,0.7777777777777778,False,True,True
P1_alpha_ablation,tsars,43,A2_main,0.5,1.0,False,metric,0.1481481481481481,0.814685583114624,0.9285560250282288,-0.1138704419136047,9,9,False,0.8518518518518519,False,True,True
P1_alpha_ablation,tsars,44,A2_main,0.5,1.0,False,metric,0.0,0.7630311846733093,0.9636990427970886,-0.2006678581237793,9,9,False,1.0,False,True,True
P1_alpha_ablation,tsars,45,A2_main,0.5,1.0,False,metric,0.0,0.6747146248817444,0.9413777589797974,-0.266663134098053,9,9,False,1.0,False,True,True
P1_alpha_ablation,tsars,46,A2_main,0.5,1.0,False,metric,0.0,0.795136034488678,0.9625815153121948,-0.1674454808235168,9,9,False,1.0,False,True,True
P1_alpha_ablation,tsars,42,A3_only_supcon,1.0,0.0,False,metric,0.3209876543209876,0.953949511051178,0.9765129089355468,-0.0225633978843688,9,9,False,0.6790123456790125,False,True,True
P1_alpha_ablation,tsars,43,A3_only_supcon,1.0,0.0,False,metric,0.0123456790123456,0.704239010810852,0.9447553157806396,-0.2405163049697876,9,9,False,0.9876543209876544,False,True,True
P1_alpha_ablation,tsars,44,A3_only_supcon,1.0,0.0,False,metric,0.0864197530864197,0.7687222957611084,0.9332876205444336,-0.1645653247833252,9,9,False,0.9135802469135803,False,True,True
P1_alpha_ablation,tsars,45,A3_only_supcon,1.0,0.0,False,metric,0.0246913580246913,0.7150872349739075,0.9488403797149658,-0.2337531447410583,9,9,False,0.9753086419753088,False,True,True
P1_alpha_ablation,tsars,46,A3_only_supcon,1.0,0.0,False,metric,0.0,0.7020165920257568,0.961857259273529,-0.2598406672477722,9,9,False,1.0,False,True,True
P1_alpha_ablation,tsars,42,A4_shuffled_family,0.5,1.0,True,metric,0.2839506172839506,0.9964276552200316,0.9987276792526244,-0.0023000240325927,9,9,False,0.7160493827160495,False,True,True
P1_alpha_ablation,tsars,43,A4_shuffled_family,0.5,1.0,True,metric,0.3333333333333333,0.954967200756073,0.9789488911628724,-0.0239816904067993,9,9,False,0.6666666666666667,False,True,True
P1_alpha_ablation,tsars,44,A4_shuffled_family,0.5,1.0,True,metric,0.419753086419753,0.9805237650871276,0.9843482971191406,-0.0038245320320129,9,9,False,0.580246913580247,False,True,True
P1_alpha_ablation,tsars,45,A4_shuffled_family,0.5,1.0,True,metric,0.3950617283950617,0.9811130166053772,0.9806097745895386,0.0005032420158386,9,9,False,0.6049382716049383,False,True,True
P1_alpha_ablation,tsars,46,A4_shuffled_family,0.5,1.0,True,metric,0.0740740740740741,0.791492223739624,0.9315049648284912,-0.1400127410888672,9,9,False,0.9259259259259259,False,True,True
