created_at_utc,transfer_id,method,seed,source_size,target_size,source_train_size,source_val_size,target_test_size,source_train_auc,source_val_auc,target_test_auc,target_pr_auc,target_balanced_acc,target_macro_f1,target_licensed_consistency,target_illegal_consistency,target_illegal_recall_at_youden,target_mean_pred_illegal,target_label_class_count,target_has_complete_binary_labels,configured_primary_metric,effective_primary_metric,primary_metric_direction,primary_metric_value,threshold,domain_acc_final,pseudo_label_quality,best_epoch,best_source_val_score,selection_policy,best_state_min_epoch,trained_epochs,force_full_epochs,purpose,runtime_s,wall_runtime_s,encoder_checkpoint
2026-09-08T14:19:44.473515+00:00,T1_Nordic,dann,42,100,77,80,20,31,1.0,1.0,,,0.16129032258064516,0.1388888888888889,,0.16129032258064516,0.16129032258064516,0.18099597298214623,1,False,illegal_recall_at_youden,illegal_recall_at_youden,higher_is_better,0.16129032258064516,0.6247928738594055,0.6428571343421936,,200,1.0,best_source_val_after_dann_warmup,20,200,False,classifier,16.77436637878418,17.025658130645752,heco_encoder__tau0.7__seed42.pt
2026-09-08T14:21:27.287844+00:00,T1_Nordic,dann,43,100,77,80,20,31,1.0,1.0,,,0.2903225806451613,0.225,,0.2903225806451613,0.2903225806451613,0.39111646882615275,1,False,illegal_recall_at_youden,illegal_recall_at_youden,higher_is_better,0.2903225806451613,0.9999666213989258,0.5873016119003296,,200,1.0,best_source_val_after_dann_warmup,20,200,False,classifier,16.664454460144043,16.934454917907715,heco_encoder__tau0.7__seed43.pt
2026-09-08T14:23:10.506533+00:00,T1_Nordic,dann,44,100,77,80,20,31,1.0,1.0,,,0.22580645161290322,0.18421052631578946,,0.22580645161290322,0.22580645161290322,0.29489712598772333,1,False,illegal_recall_at_youden,illegal_recall_at_youden,higher_is_better,0.22580645161290322,1.0,0.6269841194152832,,200,1.0,best_source_val_after_dann_warmup,20,200,False,classifier,20.522703170776367,20.820050477981567,heco_encoder__tau0.7__seed44.pt
2026-09-08T14:24:33.557790+00:00,T1_Nordic,dann,45,100,77,80,20,31,0.9965059399021663,0.8791208791208791,,,0.3225806451612903,0.24390243902439024,,0.3225806451612903,0.3225806451612903,0.26979564048439986,1,False,illegal_recall_at_youden,illegal_recall_at_youden,higher_is_better,0.3225806451612903,0.20556896924972534,0.7222222089767456,,24,0.8791208791208791,best_source_val_after_dann_warmup,20,80,False,classifier,6.376852035522461,6.668008327484131,heco_encoder__tau0.7__seed45.pt
2026-09-08T14:26:04.003171+00:00,T1_Nordic,dann,46,100,77,80,20,31,1.0,1.0,,,0.3548387096774194,0.2619047619047619,,0.3548387096774194,0.3548387096774194,0.35065535573841616,1,False,illegal_recall_at_youden,illegal_recall_at_youden,higher_is_better,0.3548387096774194,0.11819031834602356,0.6349206566810608,,200,1.0,best_source_val_after_dann_warmup,20,200,False,classifier,22.53277015686035,22.81701683998108,heco_encoder__tau0.7__seed46.pt
2026-09-08T14:20:51.545275+00:00,T1_Nordic,dann_strurw,42,100,77,80,20,31,1.0,1.0,,,0.3548387096774194,0.2619047619047619,,0.3548387096774194,0.3548387096774194,0.3871125671294631,1,False,illegal_recall_at_youden,illegal_recall_at_youden,higher_is_better,0.3548387096774194,1.0,0.6269841194152832,0.0,200,1.0,best_source_val_after_dann_warmup,20,200,True,final_classifier,21.702879905700684,39.21991491317749,heco_encoder__tau0.7__seed42.pt
2026-09-08T14:22:29.137236+00:00,T1_Nordic,dann_strurw,43,100,77,80,20,31,1.0,1.0,,,0.22580645161290322,0.18421052631578946,,0.22580645161290322,0.22580645161290322,0.357854387203104,1,False,illegal_recall_at_youden,illegal_recall_at_youden,higher_is_better,0.22580645161290322,0.9997723698616028,0.6428571343421936,0.35714285714285715,200,1.0,best_source_val_after_dann_warmup,20,200,True,final_classifier,15.926859140396118,32.07616949081421,heco_encoder__tau0.7__seed43.pt
2026-09-08T14:24:22.389725+00:00,T1_Nordic,dann_strurw,44,100,77,80,20,31,1.0,1.0,,,0.22580645161290322,0.18421052631578946,,0.22580645161290322,0.22580645161290322,0.2715582444336006,1,False,illegal_recall_at_youden,illegal_recall_at_youden,higher_is_better,0.22580645161290322,1.0,0.6349206566810608,0.7857142857142857,200,1.0,best_source_val_after_dann_warmup,20,200,True,final_classifier,18.385396480560303,33.90574073791504,heco_encoder__tau0.7__seed44.pt
2026-09-08T14:25:21.988661+00:00,T1_Nordic,dann_strurw,45,100,77,80,20,31,1.0,0.9230769230769231,,,0.12903225806451613,0.11428571428571428,,0.12903225806451613,0.12903225806451613,0.12612488973230263,1,False,illegal_recall_at_youden,illegal_recall_at_youden,higher_is_better,0.12903225806451613,0.44732916355133057,0.6349206566810608,0.5714285714285714,82,0.9230769230769231,best_source_val_after_dann_warmup,20,200,True,final_classifier,16.74169611930847,24.539414882659912,heco_encoder__tau0.7__seed45.pt
2026-09-08T14:29:51.961684+00:00,T1_Nordic,dann_strurw,46,100,77,80,20,31,1.0,1.0,,,0.3548387096774194,0.2619047619047619,,0.3548387096774194,0.3548387096774194,0.3592702868271882,1,False,illegal_recall_at_youden,illegal_recall_at_youden,higher_is_better,0.3548387096774194,0.9822284579277039,0.6349206566810608,0.35714285714285715,200,1.0,best_source_val_after_dann_warmup,20,200,True,final_classifier,18.999085903167725,36.383065938949585,heco_encoder__tau0.7__seed46.pt
2026-09-08T14:19:27.438174+00:00,T1_Nordic,source_only,42,100,77,80,20,31,1.0,1.0,,,0.3225806451612903,0.24390243902439024,,0.3225806451612903,0.3225806451612903,0.31334025309956254,1,False,illegal_recall_at_youden,illegal_recall_at_youden,higher_is_better,0.3225806451612903,0.29037538170814514,,,200,1.0,best_source_val,1,200,False,classifier,16.10061812400818,16.35687255859375,heco_encoder__tau0.7__seed42.pt
2026-09-08T14:21:10.349547+00:00,T1_Nordic,source_only,43,100,77,80,20,31,1.0,1.0,,,0.25806451612903225,0.20512820512820512,,0.25806451612903225,0.25806451612903225,0.329555466958324,1,False,illegal_recall_at_youden,illegal_recall_at_youden,higher_is_better,0.25806451612903225,0.9992050528526306,,,200,1.0,best_source_val,1,200,False,classifier,18.190158367156982,18.450604677200317,heco_encoder__tau0.7__seed43.pt
2026-09-08T14:22:49.683488+00:00,T1_Nordic,source_only,44,100,77,80,20,31,1.0,1.0,,,0.06451612903225806,0.06060606060606061,,0.06451612903225806,0.06451612903225806,0.10313587505191764,1,False,illegal_recall_at_youden,illegal_recall_at_youden,higher_is_better,0.06451612903225806,0.9999018907546997,,,200,1.0,best_source_val,1,200,False,classifier,19.91559886932373,20.189669132232666,heco_encoder__tau0.7__seed44.pt
2026-09-08T14:24:26.885281+00:00,T1_Nordic,source_only,45,100,77,80,20,31,0.9706498951781971,0.901098901098901,,,0.0967741935483871,0.08823529411764706,,0.0967741935483871,0.0967741935483871,0.43836083527534236,1,False,illegal_recall_at_youden,illegal_recall_at_youden,higher_is_better,0.0967741935483871,0.4426642656326294,,,1,0.901098901098901,best_source_val,1,50,False,classifier,3.8494696617126465,4.133868455886841,heco_encoder__tau0.7__seed45.pt
2026-09-08T14:25:41.185372+00:00,T1_Nordic,source_only,46,100,77,80,20,31,1.0,1.0,,,0.2903225806451613,0.225,,0.2903225806451613,0.2903225806451613,0.46505624471464907,1,False,illegal_recall_at_youden,illegal_recall_at_youden,higher_is_better,0.2903225806451613,0.9998559951782227,,,200,1.0,best_source_val,1,200,False,classifier,18.514670372009277,18.81504487991333,heco_encoder__tau0.7__seed46.pt
2026-09-08T14:20:12.319251+00:00,T1_Nordic,strurw,42,100,77,80,20,31,1.0,1.0,,,0.0967741935483871,0.08823529411764706,,0.0967741935483871,0.0967741935483871,0.1669093532903778,1,False,illegal_recall_at_youden,illegal_recall_at_youden,higher_is_better,0.0967741935483871,0.9995361566543579,,0.0,200,1.0,last_epoch,1,200,True,final_classifier,14.84496545791626,27.84318208694458,heco_encoder__tau0.7__seed42.pt
2026-09-08T14:21:57.060054+00:00,T1_Nordic,strurw,43,100,77,80,20,31,1.0,1.0,,,0.1935483870967742,0.16216216216216217,,0.1935483870967742,0.1935483870967742,0.3327982935473011,1,False,illegal_recall_at_youden,illegal_recall_at_youden,higher_is_better,0.1935483870967742,0.9959025979042053,,0.35714285714285715,200,1.0,last_epoch,1,200,True,final_classifier,15.406566381454468,29.770208597183228,heco_encoder__tau0.7__seed43.pt
2026-09-08T14:23:48.479408+00:00,T1_Nordic,strurw,44,100,77,80,20,31,1.0,1.0,,,0.12903225806451613,0.11428571428571428,,0.12903225806451613,0.12903225806451613,0.6194799949749252,1,False,illegal_recall_at_youden,illegal_recall_at_youden,higher_is_better,0.12903225806451613,0.9999998807907104,,0.7857142857142857,200,1.0,last_epoch,1,200,True,final_classifier,19.04210638999939,37.97013735771179,heco_encoder__tau0.7__seed44.pt
2026-09-08T14:24:57.446341+00:00,T1_Nordic,strurw,45,100,77,80,20,31,1.0,0.9010989010989011,,,0.12903225806451613,0.11428571428571428,,0.12903225806451613,0.12903225806451613,0.2196397397447031,1,False,illegal_recall_at_youden,illegal_recall_at_youden,higher_is_better,0.12903225806451613,0.9960446357727051,,0.5714285714285714,200,0.9120879120879121,last_epoch,1,200,True,final_classifier,15.714166164398193,23.88555383682251,heco_encoder__tau0.7__seed45.pt
2026-09-08T14:29:15.574110+00:00,T1_Nordic,strurw,46,100,77,80,20,31,1.0,1.0,,,0.16129032258064516,0.1388888888888889,,0.16129032258064516,0.16129032258064516,0.3091584382339197,1,False,illegal_recall_at_youden,illegal_recall_at_youden,higher_is_better,0.16129032258064516,0.998062789440155,,0.35714285714285715,200,1.0,last_epoch,1,200,True,final_classifier,40.06138253211975,191.56080842018127,heco_encoder__tau0.7__seed46.pt
2026-09-08T14:37:02.255585+00:00,T2_ON,dann,42,325,58,263,62,24,0.9694174757281554,0.9725877192982456,,,0.5,0.3333333333333333,0.5,,,0.3818150144070387,1,False,mean_pred_illegal,mean_pred_illegal_lower_is_better,lower_is_better,0.3818150144070387,0.28060251474380493,0.8888888955116272,,64,0.9725877192982456,best_source_val_after_dann_warmup,20,89,False,classifier,8.291914224624634,8.653388977050781,heco_encoder__tau0.7__seed42.pt
2026-09-08T14:38:29.981349+00:00,T2_ON,dann,43,325,58,261,64,24,0.9816870144284129,0.8923076923076924,,,0.5416666666666666,0.35135135135135137,0.5416666666666666,,,0.38546034675770596,1,False,mean_pred_illegal,mean_pred_illegal_lower_is_better,lower_is_better,0.38546034675770596,0.42437008023262024,0.8847457766532898,,78,0.8923076923076924,best_source_val_after_dann_warmup,20,103,False,classifier,9.18065595626831,9.553445816040039,heco_encoder__tau0.7__seed43.pt
2026-09-08T14:39:45.867342+00:00,T2_ON,dann,44,325,58,258,67,24,0.948035567887999,0.9268292682926829,,,0.5416666666666666,0.35135135135135137,0.5416666666666666,,,0.3603926283152153,1,False,mean_pred_illegal,mean_pred_illegal_lower_is_better,lower_is_better,0.3603926283152153,0.4839996099472046,0.8835616707801819,,37,0.9268292682926829,best_source_val_after_dann_warmup,20,80,False,classifier,6.856138706207275,7.213280200958252,heco_encoder__tau0.7__seed44.pt
2026-09-08T14:41:05.424554+00:00,T2_ON,dann,45,325,58,259,66,24,0.9892843714751222,0.9528846153846153,,,0.5416666666666666,0.35135135135135137,0.5416666666666666,,,0.31576235600126284,1,False,mean_pred_illegal,mean_pred_illegal_lower_is_better,lower_is_better,0.31576235600126284,0.23557785153388977,0.8839590549468994,,75,0.9528846153846153,best_source_val_after_dann_warmup,20,100,False,classifier,8.96720576286316,9.322604179382324,heco_encoder__tau0.7__seed45.pt
2026-09-08T14:42:44.548278+00:00,T2_ON,dann,46,325,58,263,62,24,0.9938713592233009,0.9879385964912281,,,0.7083333333333334,0.4146341463414634,0.7083333333333334,,,0.35469712622261795,1,False,mean_pred_illegal,mean_pred_illegal_lower_is_better,lower_is_better,0.35469712622261795,0.7691147327423096,0.8855218887329102,,113,0.9879385964912281,best_source_val_after_dann_warmup,20,138,False,classifier,12.366464138031006,12.721951007843018,heco_encoder__tau0.7__seed46.pt
2026-09-08T14:38:05.379407+00:00,T2_ON,dann_strurw,42,325,58,263,62,24,1.0,1.0,,,1.0,0.5,1.0,,,0.005200023461005306,1,False,mean_pred_illegal,mean_pred_illegal_lower_is_better,lower_is_better,0.005200023461005306,0.34200796484947205,0.8855218887329102,1.0,87,1.0,best_source_val_after_dann_warmup,20,200,True,final_classifier,17.923811197280884,31.324073553085327,heco_encoder__tau0.7__seed42.pt
2026-09-08T14:39:32.113625+00:00,T2_ON,dann_strurw,43,325,58,261,64,24,1.0,1.0,,,1.0,0.5,1.0,,,0.00021603086610451567,1,False,mean_pred_illegal,mean_pred_illegal_lower_is_better,lower_is_better,0.00021603086610451567,0.9985232949256897,0.8847457766532898,1.0,200,1.0,best_source_val_after_dann_warmup,20,200,True,final_classifier,18.5957772731781,31.081912994384766,heco_encoder__tau0.7__seed43.pt
2026-09-08T14:40:47.711423+00:00,T2_ON,dann_strurw,44,325,58,258,67,24,1.0,0.99906191369606,,,1.0,0.5,1.0,,,0.0004697628609636369,1,False,mean_pred_illegal,mean_pred_illegal_lower_is_better,lower_is_better,0.0004697628609636369,0.006642364431172609,0.8835616707801819,1.0,98,0.99906191369606,best_source_val_after_dann_warmup,20,200,True,final_classifier,17.153398513793945,30.58476161956787,heco_encoder__tau0.7__seed44.pt
2026-09-08T14:42:14.324398+00:00,T2_ON,dann_strurw,45,325,58,259,66,24,1.0,1.0,,,0.9583333333333334,0.48936170212765956,0.9583333333333334,,,0.08607270910299229,1,False,mean_pred_illegal,mean_pred_illegal_lower_is_better,lower_is_better,0.08607270910299229,0.9983704686164856,0.8839590549468994,1.0,200,1.0,best_source_val_after_dann_warmup,20,200,True,final_classifier,19.42905831336975,34.81772327423096,heco_encoder__tau0.7__seed45.pt
2026-09-08T14:43:56.940502+00:00,T2_ON,dann_strurw,46,325,58,263,62,24,1.0,1.0,,,1.0,0.5,1.0,,,0.02938872988033017,1,False,mean_pred_illegal,mean_pred_illegal_lower_is_better,lower_is_better,0.02938872988033017,0.9991374015808105,0.8855218887329102,1.0,200,1.0,best_source_val_after_dann_warmup,20,200,True,final_classifier,18.68000841140747,34.63811469078064,heco_encoder__tau0.7__seed46.pt
2026-09-08T14:36:53.595672+00:00,T2_ON,source_only,42,325,58,263,62,24,0.9976941747572815,0.9791666666666666,,,0.625,0.38461538461538464,0.625,,,0.30277217138952867,1,False,mean_pred_illegal,mean_pred_illegal_lower_is_better,lower_is_better,0.30277217138952867,0.2993318736553192,,,103,0.9791666666666666,best_source_val,1,128,False,classifier,11.100871801376343,11.444602489471436,heco_encoder__tau0.7__seed42.pt
2026-09-08T14:38:20.419916+00:00,T2_ON,source_only,43,325,58,261,64,24,0.9995683808114441,0.9333333333333333,,,0.5833333333333334,0.3684210526315789,0.5833333333333334,,,0.3437696565912726,1,False,mean_pred_illegal,mean_pred_illegal_lower_is_better,lower_is_better,0.3437696565912726,0.16830222308635712,,,144,0.9333333333333333,best_source_val,1,169,False,classifier,14.262829780578613,14.610374689102173,heco_encoder__tau0.7__seed43.pt
2026-09-08T14:39:38.648441+00:00,T2_ON,source_only,44,325,58,258,67,24,0.9644951756322129,0.9221388367729833,,,0.625,0.38461538461538464,0.625,,,0.36281932587735355,1,False,mean_pred_illegal,mean_pred_illegal_lower_is_better,lower_is_better,0.36281932587735355,0.5042688846588135,,,43,0.9221388367729833,best_source_val,1,68,False,classifier,5.766541004180908,6.127637624740601,heco_encoder__tau0.7__seed44.pt
2026-09-08T14:40:56.096408+00:00,T2_ON,source_only,45,325,58,259,66,24,0.9922296027071063,0.9500000000000001,,,0.7083333333333334,0.4146341463414634,0.7083333333333334,,,0.2889662125768761,1,False,mean_pred_illegal,mean_pred_illegal_lower_is_better,lower_is_better,0.2889662125768761,0.48046356439590454,,,62,0.9500000000000001,best_source_val,1,87,False,classifier,7.668828248977661,8.005932807922363,heco_encoder__tau0.7__seed45.pt
2026-09-08T14:42:31.818810+00:00,T2_ON,source_only,46,325,58,263,62,24,0.9998179611650486,0.9912280701754386,,,0.5416666666666666,0.35135135135135137,0.5416666666666666,,,0.21547108370267173,1,False,mean_pred_illegal,mean_pred_illegal_lower_is_better,lower_is_better,0.21547108370267173,0.0867193266749382,,,168,0.9912280701754386,best_source_val,1,193,False,classifier,16.732823371887207,17.08316397666931,heco_encoder__tau0.7__seed46.pt
2026-09-08T14:37:34.047888+00:00,T2_ON,strurw,42,325,58,263,62,24,1.0,1.0,,,1.0,0.5,1.0,,,7.930586955732603e-05,1,False,mean_pred_illegal,mean_pred_illegal_lower_is_better,lower_is_better,7.930586955732603e-05,0.8254666328430176,,1.0,200,1.0,last_epoch,1,200,True,final_classifier,18.636767864227295,31.78888773918152,heco_encoder__tau0.7__seed42.pt
2026-09-08T14:39:01.029193+00:00,T2_ON,strurw,43,325,58,261,64,24,1.0,1.0,,,1.0,0.5,1.0,,,0.0004934459114940282,1,False,mean_pred_illegal,mean_pred_illegal_lower_is_better,lower_is_better,0.0004934459114940282,0.9999185800552368,,1.0,200,1.0,last_epoch,1,200,True,final_classifier,18.72126531600952,31.044323921203613,heco_encoder__tau0.7__seed43.pt
2026-09-08T14:40:17.118621+00:00,T2_ON,strurw,44,325,58,258,67,24,1.0,0.99906191369606,,,1.0,0.5,1.0,,,0.0002806142234639634,1,False,mean_pred_illegal,mean_pred_illegal_lower_is_better,lower_is_better,0.0002806142234639634,0.0037856590934097767,,1.0,200,1.0,last_epoch,1,200,True,final_classifier,17.753387928009033,31.249146699905396,heco_encoder__tau0.7__seed44.pt
2026-09-08T14:41:39.499766+00:00,T2_ON,strurw,45,325,58,259,66,24,1.0,1.0,,,1.0,0.5,1.0,,,0.0004231656573949749,1,False,mean_pred_illegal,mean_pred_illegal_lower_is_better,lower_is_better,0.0004231656573949749,0.9999899864196777,,1.0,200,1.0,last_epoch,1,200,True,final_classifier,18.687171459197998,34.072216510772705,heco_encoder__tau0.7__seed45.pt
2026-09-08T14:43:22.296278+00:00,T2_ON,strurw,46,325,58,263,62,24,1.0,1.0,,,1.0,0.5,1.0,,,5.709646578851609e-05,1,False,mean_pred_illegal,mean_pred_illegal_lower_is_better,lower_is_better,5.709646578851609e-05,0.9999970197677612,,1.0,200,1.0,last_epoch,1,200,True,final_classifier,21.31788992881775,37.74452805519104,heco_encoder__tau0.7__seed46.pt
2026-09-08T14:30:16.804732+00:00,T2_PH,dann,42,325,33,263,62,14,0.9935072815533981,0.9725877192982456,0.625,0.6812520812520811,0.6041666666666666,0.5906432748538011,0.875,0.3333333333333333,0.3333333333333333,0.2747299414705984,2,True,roc_auc,roc_auc,higher_is_better,0.625,0.3344351649284363,0.936170220375061,,102,0.9725877192982456,best_source_val_after_dann_warmup,20,127,False,classifier,11.436031103134155,12.101699352264404,heco_encoder__tau0.7__seed42.pt
2026-09-08T14:31:38.658013+00:00,T2_PH,dann,43,325,33,261,64,14,0.9797755580219509,0.9046153846153845,0.5416666666666667,0.4888278388278388,0.5833333333333333,0.5714285714285714,0.5,0.6666666666666666,0.6666666666666666,0.44824637902566494,2,True,roc_auc,roc_auc,higher_is_better,0.5416666666666667,0.5043274164199829,0.9357143044471741,,82,0.9046153846153845,best_source_val_after_dann_warmup,20,107,False,classifier,8.5144522190094,8.809913873672485,heco_encoder__tau0.7__seed43.pt
2026-09-08T14:32:40.032957+00:00,T2_PH,dann,44,325,33,258,67,14,0.9642429211073973,0.924015009380863,0.49999999999999994,0.5537749287749288,0.5,0.49743589743589745,0.5,0.5,0.5,0.31827969200036577,2,True,roc_auc,roc_auc,higher_is_better,0.49999999999999994,0.2961525022983551,0.9314079284667969,,49,0.924015009380863,best_source_val_after_dann_warmup,20,80,False,classifier,7.132392406463623,7.490596294403076,heco_encoder__tau0.7__seed44.pt
2026-09-08T14:33:47.959352+00:00,T2_PH,dann,45,325,33,259,66,14,0.9889710490036345,0.9451923076923077,0.31250000000000006,0.36524170274170276,0.3333333333333333,0.3262032085561497,0.5,0.16666666666666666,0.16666666666666666,0.3812608056884658,2,True,roc_auc,roc_auc,higher_is_better,0.31250000000000006,0.53803950548172,0.931654691696167,,77,0.9451923076923077,best_source_val_after_dann_warmup,20,102,False,classifier,9.112088441848755,9.464473962783813,heco_encoder__tau0.7__seed45.pt
2026-09-08T14:35:32.493452+00:00,T2_PH,dann,46,325,33,263,62,14,0.9974514563106797,0.9890350877192983,0.7083333333333333,0.5981481481481482,0.7083333333333333,0.7083333333333333,0.75,0.6666666666666666,0.6666666666666666,0.4055955302397446,2,True,roc_auc,roc_auc,higher_is_better,0.7083333333333333,0.5103527903556824,0.932624101638794,,160,0.9890350877192983,best_source_val_after_dann_warmup,20,185,False,classifier,16.700681686401367,17.062668800354004,heco_encoder__tau0.7__seed46.pt
2026-09-08T14:31:14.657922+00:00,T2_PH,dann_strurw,42,325,33,263,62,14,0.9959951456310681,0.9901315789473684,0.6666666666666667,0.6835016835016835,0.6041666666666666,0.5906432748538011,0.875,0.3333333333333333,0.3333333333333333,0.18024421636281268,2,True,roc_auc,roc_auc,higher_is_better,0.6666666666666667,0.14331452548503876,0.936170220375061,0.8333333333333334,64,0.9901315789473684,best_source_val_after_dann_warmup,20,200,True,final_classifier,17.40572953224182,29.11593270301819,heco_encoder__tau0.7__seed42.pt
2026-09-08T14:32:25.666021+00:00,T2_PH,dann_strurw,43,325,33,261,64,14,1.0,0.96,0.625,0.6914983164983165,0.5416666666666667,0.47593582887700536,0.25,0.8333333333333334,0.8333333333333334,0.4115006352956568,2,True,roc_auc,roc_auc,higher_is_better,0.625,0.011024218052625656,0.9321428537368774,0.6666666666666666,181,0.96,best_source_val_after_dann_warmup,20,200,True,final_classifier,17.46173596382141,25.149617433547974,heco_encoder__tau0.7__seed43.pt
2026-09-08T14:33:30.637565+00:00,T2_PH,dann_strurw,44,325,33,258,67,14,0.9988648546383301,0.9709193245778611,1.0,1.0,1.0,1.0,1.0,1.0,1.0,0.16482047637189742,2,True,roc_auc,roc_auc,higher_is_better,1.0,0.05604632571339607,0.9314079284667969,0.8333333333333334,56,0.9709193245778611,best_source_val_after_dann_warmup,20,200,True,final_classifier,14.66408109664917,24.86976933479309,heco_encoder__tau0.7__seed44.pt
2026-09-08T14:34:57.240105+00:00,T2_PH,dann_strurw,45,325,33,259,66,14,0.9995613485399173,0.9836538461538461,0.5416666666666666,0.541086691086691,0.6041666666666666,0.5906432748538011,0.875,0.3333333333333333,0.3333333333333333,0.25469199255374925,2,True,roc_auc,roc_auc,higher_is_better,0.5416666666666666,0.45707085728645325,0.9388489127159119,1.0,70,0.9836538461538461,best_source_val_after_dann_warmup,20,200,True,final_classifier,21.576945066452026,36.534175395965576,heco_encoder__tau0.7__seed45.pt
2026-09-08T14:36:41.750669+00:00,T2_PH,dann_strurw,46,325,33,263,62,14,1.0,0.9978070175438597,0.8958333333333333,0.8773809523809524,0.75,0.7543859649122806,1.0,0.5,0.5,0.24107988544479703,2,True,roc_auc,roc_auc,higher_is_better,0.8958333333333333,0.734937310218811,0.932624101638794,0.8333333333333334,178,0.9978070175438597,best_source_val_after_dann_warmup,20,200,True,final_classifier,17.869457960128784,33.1345899105072,heco_encoder__tau0.7__seed46.pt
2026-09-08T14:30:04.698522+00:00,T2_PH,source_only,42,325,33,263,62,14,0.9976941747572815,0.9791666666666666,0.7916666666666667,0.6825757575757576,0.7916666666666667,0.7846153846153847,0.75,0.8333333333333334,0.8333333333333334,0.40491100663176177,2,True,roc_auc,roc_auc,higher_is_better,0.7916666666666667,0.2993318736553192,,,103,0.9791666666666666,best_source_val,1,128,False,classifier,12.006564140319824,12.3381929397583,heco_encoder__tau0.7__seed42.pt
2026-09-08T14:31:29.843101+00:00,T2_PH,source_only,43,325,33,261,64,14,0.9995683808114441,0.9333333333333333,0.7083333333333333,0.7160714285714285,0.6666666666666667,0.641025641025641,0.5,0.8333333333333334,0.8333333333333334,0.421050124001988,2,True,roc_auc,roc_auc,higher_is_better,0.7083333333333333,0.16830222308635712,,,144,0.9333333333333333,best_source_val,1,169,False,classifier,14.392988681793213,14.76865530014038,heco_encoder__tau0.7__seed43.pt
2026-09-08T14:32:32.535735+00:00,T2_PH,source_only,44,325,33,258,67,14,0.9644951756322129,0.9221388367729833,0.5416666666666666,0.5590909090909091,0.47916666666666663,0.47593582887700536,0.625,0.3333333333333333,0.3333333333333333,0.3775499789917376,2,True,roc_auc,roc_auc,higher_is_better,0.5416666666666666,0.5042688846588135,,,43,0.9221388367729833,best_source_val,1,68,False,classifier,6.0863142013549805,6.431071519851685,heco_encoder__tau0.7__seed44.pt
2026-09-08T14:33:38.489352+00:00,T2_PH,source_only,45,325,33,259,66,14,0.9922296027071063,0.9500000000000001,0.4583333333333333,0.4332722832722833,0.3125,0.2631578947368421,0.625,0.0,0.0,0.26935803837009836,2,True,roc_auc,roc_auc,higher_is_better,0.4583333333333333,0.48046356439590454,,,62,0.9500000000000001,best_source_val,1,87,False,classifier,7.198780536651611,7.487720251083374,heco_encoder__tau0.7__seed45.pt
2026-09-08T14:35:15.426278+00:00,T2_PH,source_only,46,325,33,263,62,14,0.9998179611650486,0.9912280701754386,0.7083333333333333,0.627020202020202,0.5833333333333333,0.5714285714285714,0.5,0.6666666666666666,0.6666666666666666,0.4235584710040306,2,True,roc_auc,roc_auc,higher_is_better,0.7083333333333333,0.0867193266749382,,,168,0.9912280701754386,best_source_val,1,193,False,classifier,17.382056951522827,17.72785520553589,heco_encoder__tau0.7__seed46.pt
2026-09-08T14:30:45.538048+00:00,T2_PH,strurw,42,325,33,263,62,14,0.9999999999999999,0.9802631578947367,0.8125,0.8626373626373626,0.6666666666666666,0.65,1.0,0.3333333333333333,0.3333333333333333,0.14498432909009448,2,True,roc_auc,roc_auc,higher_is_better,0.8125,0.6442669630050659,,0.8333333333333334,200,0.9923245614035088,last_epoch,1,200,True,final_classifier,16.043022394180298,28.729797840118408,heco_encoder__tau0.7__seed42.pt
2026-09-08T14:32:00.509887+00:00,T2_PH,strurw,43,325,33,261,64,14,1.0,0.9558974358974359,0.6041666666666667,0.7193473193473193,0.6875,0.6888888888888889,0.875,0.5,0.5,0.3181589847317485,2,True,roc_auc,roc_auc,higher_is_better,0.6041666666666667,0.5335257053375244,,0.6666666666666666,200,0.96,last_epoch,1,200,True,final_classifier,14.59045696258545,21.849351167678833,heco_encoder__tau0.7__seed43.pt
2026-09-08T14:33:05.764952+00:00,T2_PH,strurw,44,325,33,258,67,14,1.0,0.9606003752345216,0.8125,0.825925925925926,0.5,0.36363636363636365,1.0,0.0,0.0,0.016918938294960384,2,True,roc_auc,roc_auc,higher_is_better,0.8125,0.5513191223144531,,0.8333333333333334,200,0.9831144465290808,last_epoch,1,200,True,final_classifier,14.946160078048706,25.728987216949463,heco_encoder__tau0.7__seed44.pt
2026-09-08T14:34:20.699607+00:00,T2_PH,strurw,45,325,33,259,66,14,1.0,0.9855769230769231,0.2708333333333333,0.360927960927961,0.5,0.36363636363636365,1.0,0.0,0.0,0.11598261305594601,2,True,roc_auc,roc_auc,higher_is_better,0.2708333333333333,0.8700410723686218,,1.0,200,0.9884615384615385,last_epoch,1,200,True,final_classifier,17.92530608177185,32.738261699676514,heco_encoder__tau0.7__seed45.pt
2026-09-08T14:36:08.608584+00:00,T2_PH,strurw,46,325,33,263,62,14,1.0,0.9989035087719299,0.7291666666666666,0.7342592592592592,0.6041666666666666,0.5906432748538011,0.875,0.3333333333333333,0.3333333333333333,0.2119166780015738,2,True,roc_auc,roc_auc,higher_is_better,0.7291666666666666,0.2858845293521881,,0.8333333333333334,200,0.9989035087719299,last_epoch,1,200,True,final_classifier,19.156907320022583,36.113646268844604,heco_encoder__tau0.7__seed46.pt
2026-09-08T14:44:36.519922+00:00,T3_DiagnoseFrance,dann,42,73,72,58,15,29,1.0,0.875,1.0,1.0,0.868421052631579,0.8242424242424242,1.0,0.7368421052631579,0.7368421052631579,0.6542900836071537,2,True,roc_auc,roc_auc,higher_is_better,1.0,1.0,0.5742574334144592,,200,0.875,best_source_val_after_dann_warmup,20,200,False,classifier,19.587224006652832,19.928986310958862,heco_encoder__tau0.7__seed42.pt
2026-09-08T14:46:23.775595+00:00,T3_DiagnoseFrance,dann,43,73,72,58,15,30,1.0,1.0,0.915,0.9063233346031334,0.775,0.7285067873303167,0.9,0.65,0.65,0.6506023116979729,2,True,roc_auc,roc_auc,higher_is_better,0.915,0.999988317489624,0.5799999833106995,,200,1.0,best_source_val_after_dann_warmup,20,200,False,classifier,19.489529609680176,19.835579872131348,heco_encoder__tau0.7__seed43.pt
2026-09-08T14:48:13.190387+00:00,T3_DiagnoseFrance,dann,44,73,72,58,15,30,1.0,1.0,0.99,0.9954545454545455,0.925,0.8942420681551116,1.0,0.85,0.85,0.6005013512817821,2,True,roc_auc,roc_auc,higher_is_better,0.99,0.9993232488632202,0.6200000047683716,,200,1.0,best_source_val_after_dann_warmup,20,200,False,classifier,19.890599250793457,20.231141567230225,heco_encoder__tau0.7__seed44.pt
2026-09-08T14:50:03.232806+00:00,T3_DiagnoseFrance,dann,45,73,72,58,15,27,1.0,1.0,0.9691358024691358,0.9879227053140096,0.9722222222222222,0.9593984962406015,1.0,0.9444444444444444,0.9444444444444444,0.6297836890279682,2,True,roc_auc,roc_auc,higher_is_better,0.9691358024691358,1.0,0.6601941585540771,,200,1.0,best_source_val_after_dann_warmup,20,200,False,classifier,19.25531005859375,19.58635926246643,heco_encoder__tau0.7__seed45.pt
2026-09-08T14:51:42.796208+00:00,T3_DiagnoseFrance,dann,46,73,72,58,15,30,1.0,1.0,1.0,1.0,0.95,0.9282296650717703,1.0,0.9,0.9,0.6004711818644578,2,True,roc_auc,roc_auc,higher_is_better,1.0,0.9819557070732117,0.6000000238418579,,200,1.0,best_source_val_after_dann_warmup,20,200,False,classifier,16.176732540130615,16.470641374588013,heco_encoder__tau0.7__seed46.pt
2026-09-08T14:45:43.728400+00:00,T3_DiagnoseFrance,dann_strurw,42,73,72,58,15,29,1.0,0.9821428571428571,1.0,1.0,0.95,0.9608636977058029,0.9,1.0,1.0,0.62215258989243,2,True,roc_auc,roc_auc,higher_is_better,1.0,7.584493141621351e-05,0.594059407711029,0.9230769230769231,200,0.9821428571428571,best_source_val_after_dann_warmup,20,200,True,final_classifier,17.49630045890808,33.93376970291138,heco_encoder__tau0.7__seed42.pt
2026-09-08T14:47:33.483723+00:00,T3_DiagnoseFrance,dann_strurw,43,73,72,58,15,30,1.0,1.0,0.91,0.8925931758729746,0.675,0.6,0.9,0.45,0.45,0.663501803199451,2,True,roc_auc,roc_auc,higher_is_better,0.91,0.9999986886978149,0.550000011920929,1.0,200,1.0,best_source_val_after_dann_warmup,20,200,True,final_classifier,19.318768739700317,35.52767038345337,heco_encoder__tau0.7__seed43.pt
2026-09-08T14:49:24.111161+00:00,T3_DiagnoseFrance,dann_strurw,44,73,72,58,15,30,1.0,1.0,0.99,0.9954545454545455,0.825,0.7643097643097643,1.0,0.65,0.65,0.5818674337696381,2,True,roc_auc,roc_auc,higher_is_better,0.99,0.9999427795410156,0.5600000023841858,1.0,200,1.0,best_source_val_after_dann_warmup,20,200,True,final_classifier,19.364530086517334,36.14076280593872,heco_encoder__tau0.7__seed44.pt
2026-09-08T14:51:09.806061+00:00,T3_DiagnoseFrance,dann_strurw,45,73,72,58,15,27,1.0,1.0,0.9753086419753086,0.98989898989899,0.9722222222222222,0.9593984962406015,1.0,0.9444444444444444,0.9444444444444444,0.6296645884004559,2,True,roc_auc,roc_auc,higher_is_better,0.9753086419753086,1.0,0.553398072719574,1.0,200,1.0,best_source_val_after_dann_warmup,20,200,True,final_classifier,16.016059398651123,30.886982679367065,heco_encoder__tau0.7__seed45.pt
2026-09-08T14:52:43.070866+00:00,T3_DiagnoseFrance,dann_strurw,46,73,72,58,15,30,1.0,1.0,1.0,1.0,0.925,0.8942420681551116,1.0,0.85,0.85,0.6663792177364254,2,True,roc_auc,roc_auc,higher_is_better,1.0,0.9999933242797852,0.5600000023841858,1.0,200,1.0,best_source_val_after_dann_warmup,20,200,True,final_classifier,15.900273323059082,29.66314959526062,heco_encoder__tau0.7__seed46.pt
2026-09-08T14:44:16.585928+00:00,T3_DiagnoseFrance,source_only,42,73,72,58,15,29,1.0,0.875,1.0,0.9999999999999999,0.8421052631578947,0.7908653846153846,1.0,0.6842105263157895,0.6842105263157895,0.6442873603877364,2,True,roc_auc,roc_auc,higher_is_better,1.0,0.9984349608421326,,,200,0.875,best_source_val,1,200,False,classifier,18.878730058670044,19.211917638778687,heco_encoder__tau0.7__seed42.pt
2026-09-08T14:46:03.935494+00:00,T3_DiagnoseFrance,source_only,43,73,72,58,15,30,1.0,1.0,0.985,0.9924874686716791,0.9,0.8611111111111112,1.0,0.8,0.8,0.7575234928742163,2,True,roc_auc,roc_auc,higher_is_better,0.985,0.9999996423721313,,,200,1.0,best_source_val,1,200,False,classifier,19.47512412071228,19.78037714958191,heco_encoder__tau0.7__seed43.pt
2026-09-08T14:47:52.953498+00:00,T3_DiagnoseFrance,source_only,44,73,72,58,15,30,1.0,1.0,0.995,0.9976190476190476,0.9,0.8611111111111112,1.0,0.8,0.8,0.633971331421755,2,True,roc_auc,roc_auc,higher_is_better,0.995,0.9999995231628418,,,200,1.0,best_source_val,1,200,False,classifier,18.70149326324463,19.029564142227173,heco_encoder__tau0.7__seed44.pt
2026-09-08T14:49:43.641178+00:00,T3_DiagnoseFrance,source_only,45,73,72,58,15,27,1.0,1.0,0.9506172839506173,0.9802631578947368,0.8888888888888888,0.8465909090909092,1.0,0.7777777777777778,0.7777777777777778,0.5926142658800507,2,True,roc_auc,roc_auc,higher_is_better,0.9506172839506173,1.0,,,200,1.0,best_source_val,1,200,False,classifier,18.780529499053955,19.1037015914917,heco_encoder__tau0.7__seed45.pt
2026-09-08T14:51:26.321038+00:00,T3_DiagnoseFrance,source_only,46,73,72,58,15,30,1.0,1.0,1.0,1.0,0.925,0.8942420681551116,1.0,0.85,0.85,0.6991897901484383,2,True,roc_auc,roc_auc,higher_is_better,1.0,0.9999539852142334,,,200,1.0,best_source_val,1,200,False,classifier,15.912791013717651,16.181539297103882,heco_encoder__tau0.7__seed46.pt
2026-09-08T14:45:09.790788+00:00,T3_DiagnoseFrance,strurw,42,73,72,58,15,29,1.0,0.875,0.9947368421052631,0.9973684210526316,0.6842105263157895,0.5817307692307692,1.0,0.3684210526315789,0.3684210526315789,0.47321650488516676,2,True,roc_auc,roc_auc,higher_is_better,0.9947368421052631,0.9999979734420776,,0.9230769230769231,200,1.0,last_epoch,1,200,True,final_classifier,17.054877519607544,33.26786947250366,heco_encoder__tau0.7__seed42.pt
2026-09-08T14:46:57.950539+00:00,T3_DiagnoseFrance,strurw,43,73,72,58,15,30,1.0,1.0,0.98,0.9903229665071771,0.725,0.6329254727474972,1.0,0.45,0.45,0.6927205051037466,2,True,roc_auc,roc_auc,higher_is_better,0.98,0.9999991655349731,,1.0,200,1.0,last_epoch,1,200,True,final_classifier,18.22211194038391,34.17295241355896,heco_encoder__tau0.7__seed43.pt
2026-09-08T14:48:47.966228+00:00,T3_DiagnoseFrance,strurw,44,73,72,58,15,30,1.0,1.0,0.995,0.9976190476190476,0.825,0.7643097643097643,1.0,0.65,0.65,0.6224447700658804,2,True,roc_auc,roc_auc,higher_is_better,0.995,0.9999971389770508,,1.0,200,1.0,last_epoch,1,200,True,final_classifier,18.702311992645264,34.77383279800415,heco_encoder__tau0.7__seed44.pt
2026-09-08T14:50:38.912568+00:00,T3_DiagnoseFrance,strurw,45,73,72,58,15,27,1.0,1.0,0.9876543209876543,0.9944444444444445,0.9722222222222222,0.9593984962406015,1.0,0.9444444444444444,0.9444444444444444,0.6315926780790959,2,True,roc_auc,roc_auc,higher_is_better,0.9876543209876543,1.0,,1.0,200,1.0,last_epoch,1,200,True,final_classifier,19.10538649559021,35.67710471153259,heco_encoder__tau0.7__seed45.pt
2026-09-08T14:52:13.403171+00:00,T3_DiagnoseFrance,strurw,46,73,72,58,15,30,1.0,1.0,0.995,0.9976190476190476,0.9,0.8611111111111112,1.0,0.8,0.8,0.6824729986129822,2,True,roc_auc,roc_auc,higher_is_better,0.995,0.9999479055404663,,1.0,200,1.0,last_epoch,1,200,True,final_classifier,16.590862035751343,30.60596227645874,heco_encoder__tau0.7__seed46.pt
